,Name,Photon Count,Duration (s),Background Counts,Duration (weeks),MDP99
0,4FGL J0538.8-4405,192.95550037584786,25531200.0,0.0,42.214285714285715,1.0294552101272083
1,4FGL J0538.8-4405,776.3950600868035,81388800.0,0.0,134.57142857142858,0.513209463065763
2,4FGL J0538.8-4405,216.7234280999189,56246400.0,0.0,93.0,0.9713664663524528
3,4FGL J0538.8-4405,46.88585857951364,16848000.0,0.0,27.857142857142858,2.088406810558114
4,4FGL J0538.8-4405,23.697438620275456,8035200.0,0.0,13.285714285714286,2.937550449622919
5,4FGL J0538.8-4405,63.87248499949628,22939200.0,0.0,37.92857142857143,1.7892833924533453
6,4FGL J0538.8-4405,34.75237576598926,14644800.0,0.0,24.214285714285715,2.4257374196622155
7,4FGL J0538.8-4405,52.80382431145058,10238400.0,0.0,16.928571428571427,1.9679014637634502
8,4FGL J0538.8-4405,213.1902397468367,47952000.0,0.0,79.28571428571429,0.9793825876543212
9,4FGL J0538.8-4405,12.763518166033748,3888000.0,0.0,6.428571428571429,4.0026796852632875
10,4FGL J0538.8-4405,38.49453624094338,8812800.0,0.0,14.571428571428571,2.3048172279284307
11,4FGL J0538.8-4405,224.90702591137466,38620800.0,0.0,63.857142857142854,0.9535303617257156
12,4FGL J1104.4+3812,127.13281302576738,9590400.0,0.0,15.857142857142858,1.26825682810252
13,4FGL J1104.4+3812,488.0881683673855,34732800.0,0.0,57.42857142857143,0.6472721145850239
14,4FGL J1104.4+3812,311.4805185001303,22291200.0,0.0,36.857142857142854,0.8102528979094796
15,4FGL J1104.4+3812,22.519896852360223,2332800.0,0.0,3.857142857142857,3.013372627557097
16,4FGL J1104.4+3812,222.48296817668867,18403200.0,0.0,30.428571428571427,0.9587108722825075
17,4FGL J1104.4+3812,1318.2658519156594,59097600.0,0.0,97.71428571428571,0.3938533431882214
18,4FGL J1104.4+3812,559.205928455242,30585600.0,0.0,50.57142857142857,0.6047141820145355
19,4FGL J1104.4+3812,409.3481550971065,25401600.0,0.0,42.0,0.706788734652264
20,4FGL J1104.4+3812,183.35729249645223,13478400.0,0.0,22.285714285714285,1.0560559888087957
21,4FGL J1104.4+3812,319.83140149449576,26179200.0,0.0,43.285714285714285,0.7996049737770959
22,4FGL J1104.4+3812,150.89836144285664,11664000.0,0.0,19.285714285714285,1.1641093447546087
23,4FGL J1104.4+3812,30.135605455633456,2851200.0,0.0,4.714285714285714,2.604930116530659
24,4FGL J1104.4+3812,642.2522748056874,54432000.0,0.0,90.0,0.5642651286439364
25,4FGL J1104.4+3812,190.4865207163024,16329600.0,0.0,27.0,1.0361053417889468
26,4FGL J1104.4+3812,680.7736676778154,50284800.0,0.0,83.14285714285714,0.5480682742538179
27,4FGL J1104.4+3812,193.24178853811114,17884800.0,0.0,29.571428571428573,1.028692357328113
28,4FGL J1104.4+3812,57.49194629924453,5961600.0,0.0,9.857142857142858,1.8859602364447878
29,4FGL J1104.4+3812,123.29987117072552,7516800.0,0.0,12.428571428571429,1.2878186970356567
30,4FGL J1104.4+3812,52.02940423605456,3110400.0,0.0,5.142857142857143,1.9824927645169437
31,4FGL J1104.4+3812,243.17038286727595,14385600.0,0.0,23.785714285714285,0.9170239919133829
32,4FGL J1653.8+3945,55.91251744273047,33825600.0,0.0,55.92857142857143,1.9124122377434072
33,4FGL J1653.8+3945,67.0542744653522,51580800.0,0.0,85.28571428571429,1.7463158813551285
34,4FGL J1653.8+3945,64.8565216426532,39139200.0,0.0,64.71428571428571,1.775657544429025
35,4FGL J1653.8+3945,41.54435299473018,18144000.0,0.0,30.0,2.218605256416063
36,4FGL J1653.8+3945,48.723787332883425,27216000.0,0.0,45.0,2.0486393861406555
37,4FGL J1653.8+3945,53.61026465324067,25142400.0,0.0,41.57142857142857,1.9530441541925687
38,4FGL J1653.8+3945,189.16066523841258,116899200.0,0.0,193.28571428571428,1.0397301101250584
39,4FGL J1653.8+3945,10.69943321952663,9590400.0,0.0,15.857142857142858,4.371753347409303
40,4FGL J1653.8+3945,81.76328387545732,43416000.0,0.0,71.78571428571429,1.5814551307443654
41,4FGL J1653.8+3945,5.09795612639044,3888000.0,0.0,6.428571428571429,6.33341564713007
42,4FGL J1653.8+3945,24.23562610093471,13219200.0,0.0,21.857142857142858,2.9047510382028983
43,4FGL J1653.8+3945,45.948224834652635,23587200.0,0.0,39.0,2.109607538569209
44,4FGL J1653.8+3945,64.2808035157525,43156800.0,0.0,71.35714285714286,1.7835914797213335
45,4FGL J0136.5+3906,0.003816807375776304,2851200.0,0.0,4.714285714285714,231.46531218436016
46,4FGL J0136.5+3906,0.013208791073605423,5961600.0,0.0,9.857142857142858,124.42409827543753
47,4FGL J0156.9-5301,0.9581587372302269,448156800.0,0.0,741.0,14.608892905362802
48,4FGL J1136.4+6736,158.1462952115594,456969600.0,0.0,755.5714285714286,1.1371205973577154
49,4FGL J1221.3+3010,18.363517223249346,103032000.0,0.0,170.35714285714286,3.337014579809181
50,4FGL J1221.3+3010,3.0147896660023727,15940800.0,0.0,26.357142857142858,8.235832938449226
51,4FGL J1221.3+3010,18.964274775919225,150854400.0,0.0,249.42857142857142,3.2837336079182124
52,4FGL J1221.3+3010,1.188473825609658,4406400.0,0.0,7.285714285714286,13.117202608952054
53,4FGL J1221.3+3010,12.523948800234033,56635200.0,0.0,93.64285714285714,4.040781765657524
54,4FGL J1221.3+3010,5.793977611777771,25660800.0,0.0,42.42857142857143,5.940836923215293
55,4FGL J1221.3+3010,4.942537682073673,16977600.0,0.0,28.071428571428573,6.432222263700322
56,4FGL J1221.3+3010,12.39946629680204,70502400.0,0.0,116.57142857142857,4.061014510017833
57,4FGL J1800.6+7828,31.988789139924403,777600.0,0.0,1.2857142857142858,2.5283496717640555
58,4FGL J1800.6+7828,20.84286957897513,518400.0,0.0,0.8571428571428571,3.132256231790663
59,4FGL J1800.6+7828,16.904644667439722,518400.0,0.0,0.8571428571428571,3.4780275217057177
60,4FGL J1800.6+7828,42.94894337485785,1036800.0,0.0,1.7142857142857142,2.182025369024484
61,4FGL J1800.6+7828,41.054137049496475,777600.0,0.0,1.2857142857142858,2.23181182123927
62,4FGL J1800.6+7828,45.06666809143821,1036800.0,0.0,1.7142857142857142,2.1301408067421415
63,4FGL J1800.6+7828,16.384501754595423,518400.0,0.0,0.8571428571428571,3.5328029784205937
64,4FGL J1800.6+7828,28.199176489201648,777600.0,0.0,1.2857142857142858,2.6928851081180776
65,4FGL J1800.6+7828,165.33114015408086,1555200.0,0.0,2.5714285714285716,1.1121380689881828
66,4FGL J1800.6+7828,155.41127174483597,2592000.0,0.0,4.285714285714286,1.1470828331276395
67,4FGL J1800.6+7828,203.7474095741526,2592000.0,0.0,4.285714285714286,1.001820673536082
68,4FGL J1800.6+7828,81.14229440371068,1814400.0,0.0,3.0,1.587495107718342
69,4FGL J1800.6+7828,95.0375407896941,2073600.0,0.0,3.4285714285714284,1.4668592455061849
70,4FGL J1800.6+7828,243.94702612397631,2851200.0,0.0,4.714285714285714,0.9155630840572013
71,4FGL J1800.6+7828,336.9411483274964,1814400.0,0.0,3.0,0.7790386626107899
72,4FGL J1800.6+7828,36.1499324426788,777600.0,0.0,1.2857142857142858,2.378385740738884
73,4FGL J2000.0+6508,68.84089989415754,107308800.0,0.0,177.42857142857142,1.7235058746179024
74,4FGL J2000.0+6508,121.81320225666616,127526400.0,0.0,210.85714285714286,1.295653454700653
75,4FGL J2000.0+6508,29.612066977290798,14644800.0,0.0,24.214285714285715,2.627856681827539
76,4FGL J2000.0+6508,9.146120876485995,5443200.0,0.0,9.0,4.728436586780745
77,4FGL J2000.0+6508,103.59304678697568,61300800.0,0.0,101.35714285714286,1.4049819158999337
78,4FGL J2000.0+6508,64.27306390512692,65577600.0,0.0,108.42857142857143,1.7836988644264034
79,4FGL J2000.0+6508,16.28082880620468,23846400.0,0.0,39.42857142857143,3.5440332079591563
80,4FGL J2000.0+6508,7.210295705557415,10108800.0,0.0,16.714285714285715,5.325489090778381
81,4FGL J2000.0+6508,5.575710053044937,9590400.0,0.0,15.857142857142858,6.056001118090453
82,4FGL J2253.9+1609,8489.813962771701,2332800.0,0.0,3.857142857142857,0.15519829672384886
83,4FGL J2253.9+1609,8500.825394630032,2332800.0,0.0,3.857142857142857,0.15509774712034052
84,4FGL J2253.9+1609,1566.9267534402245,777600.0,0.0,1.2857142857142858,0.36125318904907605
85,4FGL J2253.9+1609,43828.80222570714,6998400.0,0.0,11.571428571428571,0.06830558833074818
86,4FGL J2253.9+1609,693.7202070747304,518400.0,0.0,0.8571428571428571,0.5429300316947736
87,4FGL J2253.9+1609,697.0236366322292,518400.0,0.0,0.8571428571428571,0.5416419396506548
88,4FGL J2253.9+1609,894.1282668963192,518400.0,0.0,0.8571428571428571,0.4782292385893948
89,4FGL J2253.9+1609,2016.1931732600506,777600.0,0.0,1.2857142857142858,0.3184710556851197
90,4FGL J2229.7-0832,261.3700967867074,12960000.0,0.0,21.428571428571427,0.8845208775546475
91,4FGL J2229.7-0832,767.292808882209,52747200.0,0.0,87.21428571428571,0.5162445424358563
92,4FGL J2229.7-0832,36.74942040438856,3369600.0,0.0,5.571428571428571,2.35890684428694
93,4FGL J2229.7-0832,1103.5982826165387,137116800.0,0.0,226.71428571428572,0.43045774819361066
94,4FGL J2229.7-0832,623.3183293437404,34214400.0,0.0,56.57142857142857,0.5727710889027764
95,4FGL J2229.7-0832,968.6021539458517,206193600.0,0.0,340.92857142857144,0.45947651903925846
96,4FGL J2147.3-7536,341.1373620426882,9072000.0,0.0,15.0,0.7742324933899938
97,4FGL J2147.3-7536,222.07352316180973,5702400.0,0.0,9.428571428571429,0.9595942702977394
98,4FGL J2147.3-7536,262.6787218782311,9072000.0,0.0,15.0,0.8823148529519319
99,4FGL J2147.3-7536,14.094366496609057,777600.0,0.0,1.2857142857142858,3.8090200377529952
100,4FGL J2147.3-7536,64.37769687403527,3888000.0,0.0,6.428571428571429,1.782248753499437
101,4FGL J2147.3-7536,57.53186171853944,2073600.0,0.0,3.4285714285714284,1.885305886377219
102,4FGL J2147.3-7536,34.49763990122407,1555200.0,0.0,2.5714285714285716,2.4346769558885297
103,4FGL J2147.3-7536,83.41180324755113,4147200.0,0.0,6.857142857142857,1.565749502548827
104,4FGL J2147.3-7536,73.88132685460594,3888000.0,0.0,6.428571428571429,1.6636757803673656
105,4FGL J2147.3-7536,280.59064821449306,12441600.0,0.0,20.571428571428573,0.8536885200180216
106,4FGL J2147.3-7536,35.57149639620381,1555200.0,0.0,2.5714285714285716,2.397645490531423
107,4FGL J2147.3-7536,73.75246407520838,7257600.0,0.0,12.0,1.6651285611247961
108,4FGL J2147.3-7536,231.41607466813343,4276800.0,0.0,7.071428571428571,0.9400247235482181
109,4FGL J2147.3-7536,331.41896076312145,12571200.0,0.0,20.785714285714285,0.7855021207026449
110,4FGL J2147.3-7536,20.13480928087008,777600.0,0.0,1.2857142857142858,3.1868548058552473
111,4FGL J1642.9+3948,15.772075617339102,648000.0,0.0,1.0714285714285714,3.600738747547519
112,4FGL J1642.9+3948,65.280353656851,1684800.0,0.0,2.7857142857142856,1.7698839388709529
113,4FGL J1642.9+3948,36.56982956698286,1425600.0,0.0,2.357142857142857,2.3646919302789886
114,4FGL J1642.9+3948,40.68660862642392,777600.0,0.0,1.2857142857142858,2.2418693101208476
115,4FGL J1642.9+3948,13.312701114296393,518400.0,0.0,0.8571428571428571,3.919249815924572
116,4FGL J1642.9+3948,194.61137371903163,2592000.0,0.0,4.285714285714286,1.0250662348991781
117,4FGL J1642.9+3948,46.460792242263324,777600.0,0.0,1.2857142857142858,2.097938398641743
118,4FGL J1642.9+3948,55.068603002912795,1036800.0,0.0,1.7142857142857142,1.9270101749487198
119,4FGL J1642.9+3948,288.3883928133123,3369600.0,0.0,5.571428571428571,0.8420679716119804
120,4FGL J1642.9+3948,215.72991564733312,2592000.0,0.0,4.285714285714286,0.9736006398390777
121,4FGL J1642.9+3948,248.3433601442038,1036800.0,0.0,1.7142857142857142,0.9074229542075339
122,4FGL J1626.0-2950,32.26305634215885,12830400.0,0.0,21.214285714285715,2.517580025269278
123,4FGL J1626.0-2950,196.1830147353535,69984000.0,0.0,115.71428571428571,1.0209520263579024
124,4FGL J1626.0-2950,112.94509998698676,50544000.0,0.0,83.57142857142857,1.3455577449402747
125,4FGL J1626.0-2950,18.27640492631053,10238400.0,0.0,16.928571428571427,3.3449578662066353
126,4FGL J1626.0-2950,107.12824560109354,15811200.0,0.0,26.142857142857142,1.3816054608163222
127,4FGL J1626.0-2950,565.7478483763493,96422400.0,0.0,159.42857142857142,0.6012077661614765
128,4FGL J1626.0-2950,83.99311686338226,36936000.0,0.0,61.07142857142857,1.5603218445233287
129,4FGL J1626.0-2950,117.44677245829514,74131200.0,0.0,122.57142857142857,1.319518532517949
130,4FGL J1626.0-2950,15.621638307710116,21124800.0,0.0,34.92857142857143,3.618034871206982
131,4FGL J1626.0-2950,16.94067329431032,11793600.0,0.0,19.5,3.47432710054553
132,4FGL J1626.0-2950,37.8975319859905,17884800.0,0.0,29.571428571428573,2.322900317667672
133,4FGL J1512.8-0906,776.5277528267867,1814400.0,0.0,3.0,0.5131656126824189
134,4FGL J1512.8-0906,774.052106430952,1036800.0,0.0,1.7142857142857142,0.5139855848900993
135,4FGL J1512.8-0906,7672.853396156709,11923200.0,0.0,19.714285714285715,0.1632516529672352
136,4FGL J1512.8-0906,1676.0126099800254,3628800.0,0.0,6.0,0.34929904361830577
137,4FGL J1512.8-0906,132.8596899097903,518400.0,0.0,0.8571428571428571,1.2406218342222324
138,4FGL J1512.8-0906,98.20064036810587,777600.0,0.0,1.2857142857142858,1.4430416878252348
139,4FGL J1512.8-0906,823.5650343476442,1296000.0,0.0,2.142857142857143,0.4982956404726081
140,4FGL J1512.8-0906,342.46441809045325,1036800.0,0.0,1.7142857142857142,0.7727309546336972
141,4FGL J1512.8-0906,4331.473455698747,4147200.0,0.0,6.857142857142857,0.217279227641002
142,4FGL J1512.8-0906,5271.476392197146,4924800.0,0.0,8.142857142857142,0.19695631245102235
143,4FGL J1512.8-0906,241.8706528730406,1036800.0,0.0,1.7142857142857142,0.9194845770812057
144,4FGL J1512.8-0906,94.89977850699307,518400.0,0.0,0.8571428571428571,1.4679235503828223
145,4FGL J1512.8-0906,113.05451874311348,518400.0,0.0,0.8571428571428571,1.3449064445886916
146,4FGL J1512.8-0906,393.1326476585347,1555200.0,0.0,2.5714285714285716,0.7212178748277028
147,4FGL J1512.8-0906,338.33834076406225,907200.0,0.0,1.5,0.7774284505128283
148,4FGL J1512.8-0906,178.98923441884168,777600.0,0.0,1.2857142857142858,1.06886432542483
149,4FGL J1512.8-0906,3687.8879143282784,5961600.0,0.0,9.857142857142858,0.23547628791719982
150,4FGL J1512.8-0906,99.85107129866228,518400.0,0.0,0.8571428571428571,1.4310660310821368
151,4FGL J1512.8-0906,129.5588280486775,518400.0,0.0,0.8571428571428571,1.2563265332351665
152,4FGL J1512.8-0906,168.09639027716943,777600.0,0.0,1.2857142857142858,1.1029525871679147
153,4FGL J1512.8-0906,265.05920744735806,1036800.0,0.0,1.7142857142857142,0.8783439008540052
154,4FGL J1512.8-0906,94.07456304171488,518400.0,0.0,0.8571428571428571,1.4743477541628625
155,4FGL J1512.8-0906,353.27474068559764,1296000.0,0.0,2.142857142857143,0.7608161875597342
156,4FGL J1512.8-0906,333.3870479723931,1036800.0,0.0,1.7142857142857142,0.7831801574151117
157,4FGL J1512.8-0906,307.6403254557132,1296000.0,0.0,2.142857142857143,0.8152943006893466
158,4FGL J1512.8-0906,2986.454768841808,3888000.0,0.0,6.428571428571429,0.261672489785038
159,4FGL J1512.8-0906,2259.4399439317135,2851200.0,0.0,4.714285714285714,0.30084003902548306
160,4FGL J1512.8-0906,1824.5513937301012,3369600.0,0.0,5.571428571428571,0.33477882977886214
161,4FGL J1512.8-0906,1232.0466896603534,1296000.0,0.0,2.142857142857143,0.40740134118004223
162,4FGL J1512.8-0906,574.4324853801553,2073600.0,0.0,3.4285714285714284,0.5966457361760197
163,4FGL J1512.8-0906,321.9990745515539,1036800.0,0.0,1.7142857142857142,0.7969089891670956
164,4FGL J1512.8-0906,1527.473826229949,2332800.0,0.0,3.857142857142857,0.3658888278868812
165,4FGL J1512.8-0906,422.1802320363273,1555200.0,0.0,2.5714285714285716,0.6959645044996292
166,4FGL J1512.8-0906,89.12327025004566,518400.0,0.0,0.8571428571428571,1.5147483235012353
167,4FGL J1512.8-0906,258.2924406320768,777600.0,0.0,1.2857142857142858,0.889774980031843
168,4FGL J1512.8-0906,104.80236409033147,518400.0,0.0,0.8571428571428571,1.3968523338935181
169,4FGL J1512.8-0906,761.6738744517793,2073600.0,0.0,3.4285714285714284,0.518145233934413
170,4FGL J1512.8-0906,968.3903485039685,2332800.0,0.0,3.857142857142857,0.45952676443176343
171,4FGL J1512.8-0906,78.89059848059598,518400.0,0.0,0.8571428571428571,1.6099908658469637
172,4FGL J1512.8-0906,70.63844382781399,518400.0,0.0,0.8571428571428571,1.7014354447651023
173,4FGL J1256.1-0547,325.73916461219585,777600.0,0.0,1.2857142857142858,0.7923207838846669
174,4FGL J1256.1-0547,447.6286584670821,1166400.0,0.0,1.9285714285714286,0.6758916726036278
175,4FGL J1256.1-0547,407.6993415146193,518400.0,0.0,0.8571428571428571,0.7082164865350872
176,4FGL J1256.1-0547,355.86128090966776,777600.0,0.0,1.2857142857142858,0.758046188872352
177,4FGL J1256.1-0547,359.36385257216443,777600.0,0.0,1.2857142857142858,0.7543429611111215
178,4FGL J1256.1-0547,390.1864832021357,518400.0,0.0,0.8571428571428571,0.7239355888847901
179,4FGL J1256.1-0547,474.94871743455656,777600.0,0.0,1.2857142857142858,0.6561644206625741
180,4FGL J1256.1-0547,429.4152858220991,1036800.0,0.0,1.7142857142857142,0.6900765785195909
181,4FGL J1256.1-0547,226.96664372978807,518400.0,0.0,0.8571428571428571,0.9491940773001415
182,4FGL J1256.1-0547,666.8896445393773,1296000.0,0.0,2.142857142857143,0.5537440217516514
183,4FGL J1256.1-0547,149.2095528223607,518400.0,0.0,0.8571428571428571,1.1706787173621929
184,4FGL J1256.1-0547,129.595151512379,518400.0,0.0,0.8571428571428571,1.256150456704627
185,4FGL J1256.1-0547,5564.885857374804,5184000.0,0.0,8.571428571428571,0.19169372956657585
186,4FGL J1256.1-0547,3171.928897557038,2332800.0,0.0,3.857142857142857,0.2539067904205328
187,4FGL J1256.1-0547,151.31109581985874,518400.0,0.0,0.8571428571428571,1.1625205781286196
188,4FGL J1256.1-0547,1529.2227878460722,1036800.0,0.0,1.7142857142857142,0.36567953575654516
189,4FGL J1256.1-0547,554.807351339482,1036800.0,0.0,1.7142857142857142,0.6071065717226785
190,4FGL J1256.1-0547,262.69287468725474,907200.0,0.0,1.5,0.8822910848885192
191,4FGL J1229.0+0202,1427.6000566116427,4147200.0,0.0,6.857142857142857,0.378471132048599
192,4FGL J1229.0+0202,346.3539795200876,1555200.0,0.0,2.5714285714285716,0.768379813023336
193,4FGL J1229.0+0202,716.5753005776171,2592000.0,0.0,4.285714285714286,0.534201520972138
194,4FGL J1229.0+0202,163.6485549602123,1036800.0,0.0,1.7142857142857142,1.1178407825476717
195,4FGL J1229.0+0202,6894.886432048921,12182400.0,0.0,20.142857142857142,0.17221559595408423
196,4FGL J1229.0+0202,278.63733608827556,1296000.0,0.0,2.142857142857143,0.856675571098319
197,4FGL J1229.0+0202,1741.390841475995,3628800.0,0.0,6.0,0.3426793302688428
198,4FGL J1229.0+0202,64.20129855420426,518400.0,0.0,0.8571428571428571,1.7846955111100893
199,4FGL J1229.0+0202,64.10878947847773,518400.0,0.0,0.8571428571428571,1.7859827060203817
200,4FGL J1229.0+0202,263.5583567448529,1555200.0,0.0,2.5714285714285716,0.8808412446438973
201,4FGL J1229.0+0202,69.56682494634236,518400.0,0.0,0.8571428571428571,1.7144899599642478
202,4FGL J1229.0+0202,244.68650529664302,1555200.0,0.0,2.5714285714285716,0.914178552992847
203,4FGL J1229.0+0202,95.28434799831467,648000.0,0.0,1.0714285714285714,1.464958271303148
204,4FGL J1229.0+0202,287.4256982822949,1555200.0,0.0,2.5714285714285716,0.8434769906651606
205,4FGL J1229.0+0202,76.41249655010478,518400.0,0.0,0.8571428571428571,1.6358890403976338
206,4FGL J1229.0+0202,105.4603463282318,518400.0,0.0,0.8571428571428571,1.3924879346100156
207,4FGL J1229.0+0202,248.66439555288332,1296000.0,0.0,2.142857142857143,0.9068370058578274
208,4FGL J1229.0+0202,117.48652617267925,518400.0,0.0,0.8571428571428571,1.3192952720187765
209,4FGL J1229.0+0202,85.75591319848321,518400.0,0.0,0.8571428571428571,1.544201604806944
210,4FGL J1224.9+2122,418.5666177458066,777600.0,0.0,1.2857142857142858,0.6989622859757013
211,4FGL J1224.9+2122,54.717200983946086,518400.0,0.0,0.8571428571428571,1.9331880452802146
212,4FGL J1224.9+2122,298.7479294597933,777600.0,0.0,1.2857142857142858,0.8273391684365993
213,4FGL J1224.9+2122,67.3381028167395,518400.0,0.0,0.8571428571428571,1.74263165702583
214,4FGL J1224.9+2122,804.7821896543894,2073600.0,0.0,3.4285714285714284,0.5040769735830601
215,4FGL J1224.9+2122,8421.336687494162,15033600.0,0.0,24.857142857142858,0.15582800908659492
216,4FGL J1224.9+2122,821.9562016420515,2073600.0,0.0,3.4285714285714284,0.4987830645115369
217,4FGL J1224.9+2122,147.93614047046447,777600.0,0.0,1.2857142857142858,1.1757064354513307
218,4FGL J1224.9+2122,504.5964359351641,1555200.0,0.0,2.5714285714285716,0.6365960625669184
219,4FGL J1224.9+2122,53.918409728706,518400.0,0.0,0.8571428571428571,1.9474553092818598
220,4FGL J1224.9+2122,50.08421170355357,518400.0,0.0,0.8571428571428571,2.0206245077445635
221,4FGL J1224.9+2122,224.460342722465,777600.0,0.0,1.2857142857142858,0.9544786679756528
222,4FGL J1224.9+2122,315.60242494535913,1296000.0,0.0,2.142857142857143,0.8049443784796049
223,4FGL J1224.9+2122,468.3313129472641,1814400.0,0.0,3.0,0.6607838796448264
224,4FGL J1224.9+2122,101.44648941549127,518400.0,0.0,0.8571428571428571,1.4197684663779226
225,4FGL J1224.9+2122,218.86880393578434,777600.0,0.0,1.2857142857142858,0.9665940226401073
226,4FGL J1224.9+2122,72.53024597580007,518400.0,0.0,0.8571428571428571,1.6790996160144287
227,4FGL J1224.9+2122,1211.7663341992147,2073600.0,0.0,3.4285714285714284,0.41079636893636245
228,4FGL J1224.9+2122,69.65459745693575,518400.0,0.0,0.8571428571428571,1.713409395790935
229,4FGL J1153.4+4931,560.5459028433114,8553600.0,0.0,14.142857142857142,0.6039909706377605
230,4FGL J0841.3+7053,2.3689821018113464,1036800.0,0.0,1.7142857142857142,9.290843565179602
231,4FGL J0841.3+7053,1.2869885573164217,777600.0,0.0,1.2857142857142858,12.605169637035198
232,4FGL J0841.3+7053,2.6133470177575018,777600.0,0.0,1.2857142857142858,8.845807750078764
233,4FGL J0841.3+7053,7.649300660547868,2073600.0,0.0,3.4285714285714284,5.170412248332275
234,4FGL J0841.3+7053,1.091496624559497,777600.0,0.0,1.2857142857142858,13.687522275424545
235,4FGL J0841.3+7053,0.4215294800071191,518400.0,0.0,0.8571428571428571,22.02531159173237
236,4FGL J0530.9+1332,1.5505038068702937,30715200.0,0.0,50.785714285714285,11.484170166610147
237,4FGL J0530.9+1332,0.5066634992165391,48729600.0,0.0,80.57142857142857,20.0898284547719
238,4FGL J0530.9+1332,2.2996058942722524,19699200.0,0.0,32.57142857142857,9.429948716519892
239,4FGL J0530.9+1332,0.5985240853787327,8164800.0,0.0,13.5,18.483968580963854
240,4FGL J0530.9+1332,5.169630963797321,337737600.0,0.0,558.4285714285714,6.289357281151654
241,4FGL J0403.9-3605,32.37987172684386,3888000.0,0.0,6.428571428571429,2.5130346427737815
242,4FGL J0403.9-3605,34.141330554643226,1296000.0,0.0,2.142857142857143,2.4473484966058074
243,4FGL J0403.9-3605,8.257564131200136,1296000.0,0.0,2.142857142857143,4.97634016846613
244,4FGL J0403.9-3605,2.949959619303565,518400.0,0.0,0.8571428571428571,8.325838873059517
245,4FGL J0403.9-3605,10.135163101491775,1296000.0,0.0,2.142857142857143,4.4918026440700665
246,4FGL J0403.9-3605,6.271567694582383,518400.0,0.0,0.8571428571428571,5.7101560928910855
247,4FGL J0403.9-3605,4.761745842182921,518400.0,0.0,0.8571428571428571,6.5531925950113665
248,4FGL J0403.9-3605,70.43899642155955,6739200.0,0.0,11.142857142857142,1.7038425418891174
249,4FGL J0403.9-3605,2.524112430165255,518400.0,0.0,0.8571428571428571,9.000811979424252
250,4FGL J0403.9-3605,25.2333816254864,2332800.0,0.0,3.857142857142857,2.846743315151841
251,4FGL J0403.9-3605,2.187306016937683,518400.0,0.0,0.8571428571428571,9.668993396958705
252,4FGL J0403.9-3605,2.0634231982792657,518400.0,0.0,0.8571428571428571,9.955014181573773
253,4FGL J0403.9-3605,19.00439864981785,1684800.0,0.0,2.7857142857142856,3.280265312679952
254,4FGL J2327.5+0939,417.6968915679118,39009600.0,0.0,64.5,0.6996895952928537
255,4FGL J2327.5+0939,396.7572659036992,178329600.0,0.0,294.85714285714283,0.7179159348774278
256,4FGL J2327.5+0939,182.82339011779266,52488000.0,0.0,86.78571428571429,1.057596874148357
257,4FGL J2327.5+0939,149.1144387861462,93960000.0,0.0,155.35714285714286,1.171052022014643
258,4FGL J2327.5+0939,213.09034402199867,73353600.0,0.0,121.28571428571429,0.9796121256710402
259,4FGL J2151.8-3027,2.34372377569192,1814400.0,0.0,3.0,9.34077314309272
260,4FGL J2151.8-3027,16.120743535411375,9072000.0,0.0,15.0,3.561586553726838
261,4FGL J2151.8-3027,0.6249930068511786,518400.0,0.0,0.8571428571428571,18.088329411949807
262,4FGL J2151.8-3027,29.821337519836536,11923200.0,0.0,19.714285714285715,2.6186199871492613
263,4FGL J2151.8-3027,0.6708484720277595,518400.0,0.0,0.8571428571428571,17.45917909656888
264,4FGL J2151.8-3027,22.021492728356307,33696000.0,0.0,55.714285714285715,3.047282098019223
265,4FGL J2151.8-3027,3.986028769238358,3110400.0,0.0,5.142857142857143,7.1625195934551105
266,4FGL J2151.8-3027,3.3627341129492763,22680000.0,0.0,37.5,7.798117463085507
267,4FGL J1924.8-2914,628.3033160031882,41212800.0,0.0,68.14285714285714,0.5704943682680514
268,4FGL J1924.8-2914,2506.9391422237263,388152000.0,0.0,641.7857142857143,0.28560390544128395
269,4FGL J1357.1+1921,169089.53513554405,270993600.0,0.0,448.07142857142856,0.034775843470229016
270,4FGL J1332.0-0509,4.7773254926807205,777600.0,0.0,1.2857142857142858,6.542498345184886
271,4FGL J1332.0-0509,3.2426914816757497,777600.0,0.0,1.2857142857142858,7.941146757087987
272,4FGL J1332.0-0509,3.2917735929019214,777600.0,0.0,1.2857142857142858,7.881721027360191
273,4FGL J1332.0-0509,4.509009951310982,1036800.0,0.0,1.7142857142857142,6.734346226160025
274,4FGL J1332.0-0509,1.632798233457315,518400.0,0.0,0.8571428571428571,11.191022696809357
275,4FGL J1332.0-0509,8.543559494102304,1036800.0,0.0,1.7142857142857142,4.892339798701209
276,4FGL J1332.0-0509,43.35913705720016,4665600.0,0.0,7.714285714285714,2.1716794530414827
277,4FGL J1332.0-0509,1.9403794638079914,518400.0,0.0,0.8571428571428571,10.265797722814892
278,4FGL J1332.0-0509,1.8323988191104135,6220800.0,0.0,10.285714285714286,10.563942675039414
279,4FGL J1332.0-0509,3.046363036771062,518400.0,0.0,0.8571428571428571,8.193042522124163
280,4FGL J1332.0-0509,1.4201090848105704,518400.0,0.0,0.8571428571428571,11.99983251719246
281,4FGL J1222.5+0414,95.46040671043532,146448000.0,0.0,242.14285714285714,1.4636067282612766
282,4FGL J1222.5+0414,11.508485719450427,21643200.0,0.0,35.785714285714285,4.21528502733179
283,4FGL J1222.5+0414,15.505461627375569,38620800.0,0.0,63.857142857142854,3.6315638740840144
284,4FGL J1222.5+0414,4.366287132166179,13996800.0,0.0,23.142857142857142,6.8435255253774345
285,4FGL J1222.5+0414,14.000635259233928,61948800.0,0.0,102.42857142857143,3.821749053139254
286,4FGL J1222.5+0414,27.220808380657207,65318400.0,0.0,108.0,2.74085164063058
287,4FGL J1222.5+0414,26.285609514715187,72316800.0,0.0,119.57142857142857,2.789183012582235
288,4FGL J1159.5+2914,14.255371246628041,1555200.0,0.0,2.5714285714285716,3.7874488076973076
289,4FGL J1159.5+2914,63.833666200988404,4924800.0,0.0,8.142857142857142,1.789827363049744
290,4FGL J1159.5+2914,23.591587731806623,2851200.0,0.0,4.714285714285714,2.9441331842042775
291,4FGL J1159.5+2914,17.139013692994975,1296000.0,0.0,2.142857142857143,3.4541653602962423
292,4FGL J1159.5+2914,2.6325959275067494,518400.0,0.0,0.8571428571428571,8.813409206942486
293,4FGL J1159.5+2914,8.365955614989232,1036800.0,0.0,1.7142857142857142,4.943997692683
294,4FGL J1159.5+2914,10.625374284730851,1296000.0,0.0,2.142857142857143,4.386962467566661
295,4FGL J1159.5+2914,5.7401447285327585,777600.0,0.0,1.2857142857142858,5.968629432450465
296,4FGL J1159.5+2914,19.174526008077514,1296000.0,0.0,2.142857142857143,3.265680695120666
297,4FGL J1159.5+2914,227.57027682622777,10368000.0,0.0,17.142857142857142,0.9479343666253032
298,4FGL J1159.5+2914,15.8498558934427,1555200.0,0.0,2.5714285714285716,3.5918928976148923
299,4FGL J1159.5+2914,72.7492101410499,5702400.0,0.0,9.428571428571429,1.6765707932650056
300,4FGL J1159.5+2914,2.998988144221607,518400.0,0.0,0.8571428571428571,8.257501533628165
301,4FGL J1159.5+2914,10.27933719116682,1296000.0,0.0,2.142857142857143,4.460191249093981
302,4FGL J1159.5+2914,5.869060508487986,777600.0,0.0,1.2857142857142858,5.902714037996204
303,4FGL J1159.5+2914,172.44860333379265,8294400.0,0.0,13.714285714285714,1.088945630986695
304,4FGL J1159.5+2914,253.346647776223,18144000.0,0.0,30.0,0.8984180245127034
305,4FGL J1159.5+2914,86.52284347310842,6480000.0,0.0,10.714285714285714,1.5373425432073387
306,4FGL J1159.5+2914,385.53960255873335,17496000.0,0.0,28.928571428571427,0.728285292839519
307,4FGL J1129.8-1447,46.15357511327655,2332800.0,0.0,3.857142857142857,2.1049091870715486
308,4FGL J1129.8-1447,16.017307558592123,518400.0,0.0,0.8571428571428571,3.573067988472447
309,4FGL J1129.8-1447,48.11124603710448,2332800.0,0.0,3.857142857142857,2.0616395405178354
310,4FGL J1129.8-1447,98.03185459471658,3628800.0,0.0,6.0,1.4442834278665753
311,4FGL J1129.8-1447,78.1881902304608,1814400.0,0.0,3.0,1.617206421013986
312,4FGL J1129.8-1447,61.325524772942984,2073600.0,0.0,3.4285714285714284,1.8260615033040801
313,4FGL J1129.8-1447,35.119429906246424,1036800.0,0.0,1.7142857142857142,2.4130277078522
314,4FGL J1129.8-1447,166.74313785301038,2073600.0,0.0,3.4285714285714284,1.107419209168581
315,4FGL J1129.8-1447,20.199604532224505,777600.0,0.0,1.2857142857142858,3.1817393859364542
316,4FGL J1129.8-1447,73.17536619823476,1814400.0,0.0,3.0,1.671681688378831
317,4FGL J1044.6+8053,138.95248721202398,118324800.0,0.0,195.64285714285714,1.213117520240407
318,4FGL J1044.6+8053,196.91359509324167,177811200.0,0.0,294.0,1.0190563202163718
319,4FGL J1044.6+8053,73.11278611471184,24624000.0,0.0,40.714285714285715,1.6723969641125305
320,4FGL J1044.6+8053,68.62038105593375,62467200.0,0.0,103.28571428571429,1.7262729873312344
321,4FGL J1044.6+8053,26.17658520511438,9720000.0,0.0,16.071428571428573,2.7949853886094433
322,4FGL J1044.6+8053,14.473974826493405,4665600.0,0.0,7.714285714285714,3.758738661128671
323,4FGL J0805.4+6147,182.53651107015114,7128000.0,0.0,11.785714285714286,1.0584276210140502
324,4FGL J0746.4+2546,2.194276177827868,220190400.0,0.0,364.07142857142856,9.653624309554457
325,4FGL J0746.4+2546,1.6903494540087305,112233600.0,0.0,185.57142857142858,10.99886289998223
326,4FGL J0746.4+2546,0.5255494975697647,44064000.0,0.0,72.85714285714286,19.72555470231108
327,4FGL J0746.4+2546,0.9124858895860144,41731200.0,0.0,69.0,14.970039930889655
328,4FGL J0635.6-7518,2366.822032288113,357825600.0,0.0,591.6428571428571,0.2939363085904229
329,4FGL J0635.6-7518,416.1669371418521,86961600.0,0.0,143.78571428571428,0.7009745497649681
330,4FGL J0539.9-2839,127.08268324899312,31881600.0,0.0,52.714285714285715,1.2685069454336744
331,4FGL J0539.9-2839,74.78737708294426,7646400.0,0.0,12.642857142857142,1.6535673422159962
332,4FGL J0539.9-2839,107.51073357006659,25401600.0,0.0,42.0,1.3791456212368542
333,4FGL J0539.9-2839,77.98368407030664,4147200.0,0.0,6.857142857142857,1.6193255317968906
334,4FGL J0539.9-2839,84.17769256232145,6091200.0,0.0,10.071428571428571,1.5586102536494493
335,4FGL J0539.9-2839,135.02069613605417,22939200.0,0.0,37.92857142857143,1.230653712237099
336,4FGL J0539.9-2839,110.47429975737828,2980800.0,0.0,4.928571428571429,1.3605214984670735
337,4FGL J0539.9-2839,378.78720368777704,12182400.0,0.0,20.142857142857142,0.7347479582574534
338,4FGL J0539.9-2839,167.56096319380327,9590400.0,0.0,15.857142857142858,1.104713378177835
339,4FGL J0539.9-2839,76.40104662996217,1814400.0,0.0,3.0,1.6360116178882307
340,4FGL J0539.9-2839,99.89235138174176,2073600.0,0.0,3.4285714285714284,1.4307703095970954
341,4FGL J0405.6-1308,3850.652928608989,12700800.0,0.0,21.0,0.23044582767296587
342,4FGL J0405.6-1308,7765.795104054504,30067200.0,0.0,49.714285714285715,0.1622718074679668
343,4FGL J0405.6-1308,187794.62146536986,355104000.0,0.0,587.1428571428571,0.03299852004772446
344,4FGL J0405.6-1308,64312.546300194284,40694400.0,0.0,67.28571428571429,0.05638819398005013
345,4FGL J0217.4+7352,19.692283673220327,21902400.0,0.0,36.214285714285715,3.2224634176969205
346,4FGL J0217.4+7352,179.10169958164116,256219200.0,0.0,423.64285714285717,1.068528681269159
347,4FGL J0304.5+3349,5.308216119474259,391910400.0,0.0,648.0,6.206714075625482
348,4FGL J0304.5+3349,1.3865193058899559,64281600.0,0.0,106.28571428571429,12.144316495332603
349,4FGL J0522.9-3628,28.927687247049473,1555200.0,0.0,2.5714285714285716,2.6587602717580796
350,4FGL J0522.9-3628,212.17875803476878,11793600.0,0.0,19.5,0.9817142295706256
351,4FGL J0522.9-3628,336.31350385864596,16070400.0,0.0,26.571428571428573,0.779765263512583
352,4FGL J0522.9-3628,305.5791606864601,9849600.0,0.0,16.285714285714285,0.8180393041240971
353,4FGL J0522.9-3628,1031.2561560236616,29548800.0,0.0,48.857142857142854,0.4453000669580117
354,4FGL J0522.9-3628,689.5703673905637,27475200.0,0.0,45.42857142857143,0.544561259708071
355,4FGL J0522.9-3628,461.2164758090473,13996800.0,0.0,23.142857142857142,0.6658610801888087
356,4FGL J0522.9-3628,104.74365876816266,1555200.0,0.0,2.5714285714285716,1.3972437235992419
357,4FGL J0522.9-3628,124.00759115465935,5184000.0,0.0,8.571428571428571,1.2841386032593687
358,4FGL J0522.9-3628,250.45761158054395,8812800.0,0.0,14.571428571428571,0.9035848071551057
359,4FGL J0522.9-3628,59.709713420191854,2073600.0,0.0,3.4285714285714284,1.8506042025754383
360,4FGL J0522.9-3628,118.22205370524944,7646400.0,0.0,12.642857142857142,1.3151848205445904
361,4FGL J0522.9-3628,702.4288833152137,35510400.0,0.0,58.714285714285715,0.5395539259171525
362,4FGL J0522.9-3628,655.5935801533241,35510400.0,0.0,58.714285714285715,0.558494230997993
363,4FGL J0522.9-3628,66.54427689064862,3499200.0,0.0,5.785714285714286,1.752995020299968
364,4FGL J0522.9-3628,82.07304086887244,3369600.0,0.0,5.571428571428571,1.578467975249498
365,4FGL J0522.9-3628,605.7065649302073,33566400.0,0.0,55.5,0.5810384827288032
366,4FGL J0522.9-3628,556.3917457185704,22032000.0,0.0,36.42857142857143,0.6062415499070734
367,4FGL J0522.9-3628,377.0347866756464,12960000.0,0.0,21.428571428571427,0.7364534933899827
368,4FGL J0522.9-3628,243.82967444756613,18532800.0,0.0,30.642857142857142,0.9157833811528172
369,4FGL J0522.9-3628,35.87880916428921,1555200.0,0.0,2.5714285714285716,2.387355131548903
370,4FGL J0522.9-3628,112.99281793366745,7776000.0,0.0,12.857142857142858,1.3452735939908205
371,4FGL J0522.9-3628,121.97841455839196,4795200.0,0.0,7.928571428571429,1.2947757157110424
372,4FGL J0522.9-3628,436.11932297218397,27993600.0,0.0,46.285714285714285,0.6847521000498054
373,4FGL J0433.0+0522,17.059699117341175,31104000.0,0.0,51.42857142857143,3.462185664851814
374,4FGL J0433.0+0522,9.617170445677683,6480000.0,0.0,10.714285714285714,4.611183242789817
375,4FGL J0433.0+0522,10.400366461922893,5443200.0,0.0,9.0,4.434163639553648
376,4FGL J0433.0+0522,20.542917361098397,16977600.0,0.0,28.071428571428573,3.155040786480546
377,4FGL J0433.0+0522,29.23931793982113,25272000.0,0.0,41.785714285714285,2.6445538731734306
378,4FGL J0433.0+0522,92.49566617029255,139320000.0,0.0,230.35714285714286,1.4868780326138844
379,4FGL J0319.8+4130,36.32815464775041,11923200.0,0.0,19.714285714285715,2.37254450941462
380,4FGL J0319.8+4130,1.2337942488364546,518400.0,0.0,0.8571428571428571,12.874034443339843
381,4FGL J0319.8+4130,2.3675511261456283,1036800.0,0.0,1.7142857142857142,9.293650888452738
382,4FGL J0319.8+4130,113.42153819286744,27475200.0,0.0,45.42857142857143,1.3427286977838457
383,4FGL J0319.8+4130,23.417081385010817,7257600.0,0.0,12.0,2.955082804744011
384,4FGL J0319.8+4130,257.7021045676126,60134400.0,0.0,99.42857142857143,0.8907935316438992
385,4FGL J0319.8+4130,264.4892234033572,40176000.0,0.0,66.42857142857143,0.8792898232755932
386,4FGL J0319.8+4130,454.67402181530167,66355200.0,0.0,109.71428571428571,0.670634616532515
387,4FGL J0319.8+4130,775.2758741978357,128433600.0,0.0,212.35714285714286,0.5135797632812087
388,4FGL J0319.8+4130,97.93700354758857,32918400.0,0.0,54.42857142857143,1.44498264592392
389,4FGL J0319.8+4130,153.53610735292543,32788800.0,0.0,54.214285714285715,1.1540663407157954
390,4FGL J0312.9+4119,31769.27481564162,182736000.0,0.0,302.14285714285717,0.08022918615242905
391,4FGL J0324.8+3412,2939.1847840700148,85017600.0,0.0,140.57142857142858,0.26376829504174176
392,4FGL J0324.8+3412,1232.17344682499,34473600.0,0.0,57.0,0.40738038537743454
393,4FGL J0324.8+3412,83.9381872605485,518400.0,0.0,0.8571428571428571,1.5608323025441295
394,4FGL J0324.8+3412,1093.5884552676125,5832000.0,0.0,9.642857142857142,0.4324232923383809
395,4FGL J0324.8+3412,7395.998088583989,131414400.0,0.0,217.28571428571428,0.1662790912539574
396,4FGL J0324.8+3412,2796.120189772826,156686400.0,0.0,259.07142857142856,0.27043202474644
397,4FGL J1829.5+4845,1855.6220992423648,129600000.0,0.0,214.28571428571428,0.3319642143822339
398,4FGL J1829.5+4845,830.3731953722173,63504000.0,0.0,105.0,0.496248693816783
399,4FGL J1829.5+4845,973.2257490565237,108216000.0,0.0,178.92857142857142,0.4583837804907942
400,4FGL J1829.5+4845,615.404029243361,52358400.0,0.0,86.57142857142857,0.5764423364118565
401,4FGL J1829.5+4845,930.2908959598892,47174400.0,0.0,78.0,0.4688421534323165
402,4FGL J2009.4-4849,30.734194424494586,153446400.0,0.0,253.71428571428572,2.5794381591299764
403,4FGL J2009.4-4849,4.955760532150258,31752000.0,0.0,52.5,6.423635375816479
404,4FGL J2009.4-4849,10.548415870231898,88646400.0,0.0,146.57142857142858,4.402936436146704
405,4FGL J2009.4-4849,23.32077730020161,131803200.0,0.0,217.92857142857142,2.961178085007917
406,4FGL J0507.9+6737,2.12412713872284,449971200.0,0.0,744.0,9.811734402543248
407,4FGL J0325.5-5635,209.67693483846605,149169600.0,0.0,246.64285714285714,0.987553671253943
408,4FGL J0325.5-5635,550.2786102458901,226929600.0,0.0,375.2142857142857,0.6095996676770906
409,4FGL J0608.9-5456,3.9555881504125803,11923200.0,0.0,19.714285714285715,7.190026711996651
410,4FGL J0923.5+3852,56.25535128389626,175348800.0,0.0,289.92857142857144,1.90657597878498
411,4FGL J0923.5+3852,35.717764818010025,90720000.0,0.0,150.0,2.3927311348883573
412,4FGL J1849.2+6705,182.92136945820576,37584000.0,0.0,62.142857142857146,1.0573135925279782
413,4FGL J1849.2+6705,47.828451624553885,10756800.0,0.0,17.785714285714285,2.067725466972148
414,4FGL J1849.2+6705,15.079120583780863,12700800.0,0.0,21.0,3.6825447273062686
415,4FGL J1849.2+6705,80.00162425318159,41212800.0,0.0,68.14285714285714,1.5987723739252608
416,4FGL J1849.2+6705,153.7612618778817,32529600.0,0.0,53.785714285714285,1.153221074332789
417,4FGL J1849.2+6705,20.75225221660898,6868800.0,0.0,11.357142857142858,3.1390874811718987
418,4FGL J0224.9+1843,1345406.176718143,395539200.0,0.0,654.0,0.01232847414958942
419,4FGL J0336.4+3224,0.008464590967797805,19958400.0,0.0,33.0,155.42935656065225
420,4FGL J0336.4+3224,0.023478197205143117,40694400.0,0.0,67.28571428571429,93.32621752215253
421,4FGL J0336.4+3224,0.0030037514730546755,7905600.0,0.0,13.071428571428571,260.9179989057943
422,4FGL J0336.4+3224,0.014257034322910317,25920000.0,0.0,42.857142857142854,119.76266179614906
423,4FGL J0336.4+3224,0.01197991383320874,49118400.0,0.0,81.21428571428571,130.649932680822
424,4FGL J0336.4+3224,0.0737351446407894,232243200.0,0.0,384.0,52.662172244697
425,4FGL J0336.4+3224,0.004622493424450058,31492800.0,0.0,52.07142857142857,210.3283846687751
426,4FGL J2056.2-4714,25.644070262417664,7516800.0,0.0,12.428571428571429,2.8238560774231725
427,4FGL J2056.2-4714,172.48970196387663,28252800.0,0.0,46.714285714285715,1.088815893270936
428,4FGL J2056.2-4714,10.739164026549917,3240000.0,0.0,5.357142857142857,4.363658944728423
429,4FGL J2056.2-4714,16.661798356178537,4017600.0,0.0,6.642857142857143,3.5032820214868523
430,4FGL J2056.2-4714,22.508351414774374,4924800.0,0.0,8.142857142857142,3.01414536841025
431,4FGL J2056.2-4714,13.483942189194009,2332800.0,0.0,3.857142857142857,3.894283786821545
432,4FGL J2056.2-4714,61.31799300914119,16459200.0,0.0,27.214285714285715,1.8261736485402722
433,4FGL J2056.2-4714,48.96883223942841,13996800.0,0.0,23.142857142857142,2.043507159931497
434,4FGL J2056.2-4714,9.29361987692712,2462400.0,0.0,4.071428571428571,4.690764015443326
435,4FGL J2056.2-4714,91.09795821300999,20736000.0,0.0,34.285714285714285,1.4982411321804814
436,4FGL J2056.2-4714,43.60978455598875,16848000.0,0.0,27.857142857142858,2.1654295894655613
437,4FGL J2056.2-4714,6.258562403265658,2980800.0,0.0,4.928571428571429,5.716085865534536
438,4FGL J2056.2-4714,6.642480201707986,1944000.0,0.0,3.2142857142857144,5.548440116793223
439,4FGL J2056.2-4714,6.636627796243927,2332800.0,0.0,3.857142857142857,5.550885979868506
440,4FGL J2056.2-4714,7.786625469931697,2073600.0,0.0,3.4285714285714284,5.124616781899326
441,4FGL J2056.2-4714,70.13756804347946,30326400.0,0.0,50.142857142857146,1.7074998961715562
442,4FGL J2056.2-4714,204.3648283238789,30844800.0,0.0,51.0,1.0003061987631994
443,4FGL J2056.2-4714,11.142980003570049,3888000.0,0.0,6.428571428571429,4.28386091325677
444,4FGL J2056.2-4714,60.20954741424824,9331200.0,0.0,15.428571428571429,1.842906730429616
445,4FGL J2056.2-4714,98.76577985202127,18144000.0,0.0,30.0,1.4389072103259668
446,4FGL J2056.2-4714,9.750107503123793,2980800.0,0.0,4.928571428571429,4.579639951428388
447,4FGL J2148.6+0652,49.36936002626521,267235200.0,0.0,441.85714285714283,2.035200912607991
448,4FGL J2148.6+0652,35.5609107914593,185198400.0,0.0,306.2142857142857,2.398002323897153
449,4FGL J0836.5-2026,0.8848229325786106,180921600.0,0.0,299.14285714285717,15.202249378834473
450,4FGL J0836.5-2026,0.3613460943496527,139060800.0,0.0,229.92857142857142,23.788899686921667
451,4FGL J0836.5-2026,0.3846768882936785,131155200.0,0.0,216.85714285714286,23.05621377928302
452,4FGL J1740.5+5211,3714.6155562794956,118324800.0,0.0,195.64285714285714,0.23462760142655184
453,4FGL J1740.5+5211,218.0028445976451,16977600.0,0.0,28.071428571428573,0.9685118910665549
454,4FGL J1740.5+5211,3820.656688152577,79574400.0,0.0,131.57142857142858,0.23134868212663176
455,4FGL J1740.5+5211,1019.6730173752443,70502400.0,0.0,116.57142857142857,0.4478221533221141
456,4FGL J1740.5+5211,641.6576532087163,17884800.0,0.0,29.571428571428573,0.564526519226582
457,4FGL J1740.5+5211,4131.330346276578,58579200.0,0.0,96.85714285714286,0.22248005126115208
458,4FGL J1740.5+5211,939.5295255843117,14644800.0,0.0,24.214285714285715,0.4665313374083809
459,4FGL J1459.0+7140,4995.587856878703,120787200.0,0.0,199.71428571428572,0.202321826406515
460,4FGL J1459.0+7140,26467.23820075155,249480000.0,0.0,412.5,0.08789855275128913
461,4FGL J0721.9+7120,116.10924853921688,6350400.0,0.0,10.5,1.327096886603564
462,4FGL J0721.9+7120,45.983860807610654,2332800.0,0.0,3.857142857142857,2.1087899420622724
463,4FGL J0721.9+7120,585.0653462582119,19440000.0,0.0,32.142857142857146,0.5911992164326065
464,4FGL J0721.9+7120,60.42649295206996,3628800.0,0.0,6.0,1.8395955181486674
465,4FGL J0721.9+7120,204.1855198648286,6739200.0,0.0,11.142857142857142,1.0007453190368771
466,4FGL J0721.9+7120,376.89587983203404,13219200.0,0.0,21.857142857142858,0.7365891926796218
467,4FGL J0721.9+7120,115.34945773564286,5702400.0,0.0,9.428571428571429,1.3314604140376174
468,4FGL J0721.9+7120,210.5842798062325,8812800.0,0.0,14.571428571428571,0.9854238371917511
469,4FGL J0721.9+7120,205.9198249599432,6480000.0,0.0,10.714285714285714,0.9965221521332828
470,4FGL J0721.9+7120,366.2522017054448,10368000.0,0.0,17.142857142857142,0.7472155743773468
471,4FGL J0721.9+7120,1261.1833617290797,31363200.0,0.0,51.857142857142854,0.40266781782618005
472,4FGL J0721.9+7120,46.31420463525153,1814400.0,0.0,3.0,2.101255834583133
473,4FGL J0721.9+7120,131.57924998763934,7516800.0,0.0,12.428571428571429,1.2466436642717986
474,4FGL J0721.9+7120,283.60017602969634,7257600.0,0.0,12.0,0.8491468236922487
475,4FGL J0721.9+7120,842.0232925886711,26956800.0,0.0,44.57142857142857,0.49280372824093194
476,4FGL J0721.9+7120,650.8235885884054,15033600.0,0.0,24.857142857142858,0.5605371419944568
477,4FGL J0721.9+7120,32.54217046090319,2073600.0,0.0,3.4285714285714284,2.506760135817195
478,4FGL J0721.9+7120,616.0582041674791,24235200.0,0.0,40.07142857142857,0.576136201148393
479,4FGL J0721.9+7120,19.22601076869928,1296000.0,0.0,2.142857142857143,3.2613052294744964
480,4FGL J0721.9+7120,1426.9102531799567,50414400.0,0.0,83.35714285714286,0.3785626021115303
481,4FGL J0721.9+7120,92.8662568264045,3369600.0,0.0,5.571428571428571,1.483908310616873
482,4FGL J0721.9+7120,18.532288730653434,777600.0,0.0,1.2857142857142858,3.321784915109648
483,4FGL J0721.9+7120,170.2757259574922,6739200.0,0.0,11.142857142857142,1.0958715875156355
484,4FGL J0721.9+7120,38.683262216747174,1814400.0,0.0,3.0,2.2991880398518956
485,4FGL J0721.9+7120,56.75306958870337,2592000.0,0.0,4.285714285714286,1.8981973354375155
486,4FGL J0721.9+7120,296.62563315357636,11145600.0,0.0,18.428571428571427,0.8302936153002847
487,4FGL J0721.9+7120,270.1551822447126,8294400.0,0.0,13.714285714285714,0.8700203000559511
488,4FGL J0721.9+7120,469.88106043638925,12700800.0,0.0,21.0,0.6596932909713251
489,4FGL J0721.9+7120,132.33573735293697,6480000.0,0.0,10.714285714285714,1.2430753847825105
490,4FGL J0721.9+7120,34.52092998847207,1814400.0,0.0,3.0,2.4338555208054715
491,4FGL J0721.9+7120,173.92602525292386,9849600.0,0.0,16.285714285714285,1.0843107199569388
492,4FGL J0721.9+7120,312.1187586699337,15292800.0,0.0,25.285714285714285,0.8094240457955214
493,4FGL J0721.9+7120,166.46355818651637,12441600.0,0.0,20.571428571428573,1.1083487880066918
494,4FGL J0721.9+7120,29.433635042802504,2332800.0,0.0,3.857142857142857,2.6358099140298714
495,4FGL J0721.9+7120,10.739477836605044,1036800.0,0.0,1.7142857142857142,4.363595190695022
496,4FGL J0721.9+7120,33.5166847524438,2073600.0,0.0,3.4285714285714284,2.4700486670080797
497,4FGL J2202.7+4216,23.124409890402067,1036800.0,0.0,1.7142857142857142,2.973724343252364
498,4FGL J2202.7+4216,6.416183196569556,518400.0,0.0,0.8571428571428571,5.645438227324866
499,4FGL J2202.7+4216,21.891606132109228,1036800.0,0.0,1.7142857142857142,3.0563087483174285
500,4FGL J2202.7+4216,11.534186677967107,777600.0,0.0,1.2857142857142858,4.210586070822414
501,4FGL J2202.7+4216,14.102527841077189,777600.0,0.0,1.2857142857142858,3.807917709721636
502,4FGL J2202.7+4216,32.034218870791236,1684800.0,0.0,2.7857142857142856,2.5265562302285285
503,4FGL J2202.7+4216,13.177925022357561,777600.0,0.0,1.2857142857142858,3.939240726904837
504,4FGL J2202.7+4216,12.234643358815308,518400.0,0.0,0.8571428571428571,4.088277628610073
505,4FGL J2202.7+4216,9.712999307761773,518400.0,0.0,0.8571428571428571,4.588379793948723
506,4FGL J2202.7+4216,8.05992154096001,648000.0,0.0,1.0714285714285714,5.036984684787405
507,4FGL J2202.7+4216,12.823026970727804,777600.0,0.0,1.2857142857142858,3.9933811132731583
508,4FGL J2202.7+4216,126.05418428544293,5443200.0,0.0,9.0,1.273671421536611
509,4FGL J2202.7+4216,26.58933560499786,1296000.0,0.0,2.142857142857143,2.773207044028138
510,4FGL J2202.7+4216,10.581565592013547,777600.0,0.0,1.2857142857142858,4.396034309607055
511,4FGL J2202.7+4216,15.03647008220813,1036800.0,0.0,1.7142857142857142,3.6877637434984734
512,4FGL J2202.7+4216,20.18249183083961,1296000.0,0.0,2.142857142857143,3.183087995902892
513,4FGL J2202.7+4216,8.228031144363579,518400.0,0.0,0.8571428571428571,4.985262992487475
514,4FGL J2202.7+4216,6.705705291320148,518400.0,0.0,0.8571428571428571,5.522221291549072
515,4FGL J2202.7+4216,11.207306893571277,518400.0,0.0,0.8571428571428571,4.271549123645271
516,4FGL J2202.7+4216,9.171312807905828,777600.0,0.0,1.2857142857142858,4.721938042655128
517,4FGL J2202.7+4216,7.247391791176092,518400.0,0.0,0.8571428571428571,5.311842233246295
518,4FGL J2202.7+4216,24.28249826940443,1296000.0,0.0,2.142857142857143,2.9019461837544087
519,4FGL J2202.7+4216,22.760172416361,1296000.0,0.0,2.142857142857143,2.9974245749342936
520,4FGL J2202.7+4216,12.841705815550423,777600.0,0.0,1.2857142857142858,3.990475779230306
521,4FGL J2202.7+4216,12.122570289879599,777600.0,0.0,1.2857142857142858,4.10713219886648
522,4FGL J2202.7+4216,45.016016022511295,1814400.0,0.0,3.0,2.1313388881626794
523,4FGL J2202.7+4216,33.51918703418943,2592000.0,0.0,4.285714285714286,2.4699564679783106
524,4FGL J2202.7+4216,6.490898575860031,518400.0,0.0,0.8571428571428571,5.612852453096089
525,4FGL J2202.7+4216,65.85226742214256,2592000.0,0.0,4.285714285714286,1.7621816352369153
526,4FGL J2202.7+4216,10.36675887655343,518400.0,0.0,0.8571428571428571,4.441345293600673
527,4FGL J2202.7+4216,26.411886579182976,1296000.0,0.0,2.142857142857143,2.7825073849938162
528,4FGL J2202.7+4216,78.8060463066287,2851200.0,0.0,4.714285714285714,1.6108543258238943
529,4FGL J2202.7+4216,11.029857867756402,777600.0,0.0,1.2857142857142858,4.305772497282606
530,4FGL J2202.7+4216,58.06318913111053,1814400.0,0.0,3.0,1.8766599878845094
531,4FGL J2202.7+4216,13.103209643067085,777600.0,0.0,1.2857142857142858,3.9504556698165536
532,4FGL J2202.7+4216,8.807075333864761,518400.0,0.0,0.8571428571428571,4.818592295069758
533,4FGL J2202.7+4216,5.977230343238015,518400.0,0.0,0.8571428571428571,5.849059526279847
534,4FGL J2202.7+4216,318.56769844976355,6480000.0,0.0,10.714285714285714,0.801189351515637
535,4FGL J2202.7+4216,6.136000524230274,518400.0,0.0,0.8571428571428571,5.772890813033353
536,4FGL J2202.7+4216,827.3700919954881,15811200.0,0.0,26.142857142857142,0.4971484944435834
537,4FGL J2202.7+4216,639.274124631717,12700800.0,0.0,21.0,0.565577956426826
538,4FGL J2202.7+4216,51.56295113283919,2332800.0,0.0,3.857142857142857,1.99143967235749
539,4FGL J2202.7+4216,500.0233364790939,14774400.0,0.0,24.428571428571427,0.639500518048599
540,4FGL J2202.7+4216,12.066533755411742,777600.0,0.0,1.2857142857142858,4.116657837171047
541,4FGL J2202.7+4216,14.195922065190286,518400.0,0.0,0.8571428571428571,3.795370994526166
542,4FGL J2202.7+4216,574.1783504248905,10886400.0,0.0,18.0,0.5967777611497368
543,4FGL J2232.6+1143,280.1054214222213,518400.0,0.0,0.8571428571428571,0.8544276226413444
544,4FGL J2232.6+1143,1816.0681169133031,1296000.0,0.0,2.142857142857143,0.335559833691226
545,4FGL J2232.6+1143,346.2841748351637,518400.0,0.0,0.8571428571428571,0.7684572549220424
546,4FGL J2232.6+1143,266.2540544288147,518400.0,0.0,0.8571428571428571,0.8763708480221912
547,4FGL J2232.6+1143,6316.223348993386,3628800.0,0.0,6.0,0.1799315404417505
548,4FGL J2232.6+1143,1486.7133906256365,1555200.0,0.0,2.5714285714285716,0.3708706034420024
549,4FGL J2232.6+1143,315.50335929426024,518400.0,0.0,0.8571428571428571,0.8050707417622205
550,4FGL J2232.6+1143,512.5005787560424,777600.0,0.0,1.2857142857142858,0.6316679724831928
551,4FGL J2232.6+1143,1909.9496043130584,1296000.0,0.0,2.142857142857143,0.32720888155924316
552,4FGL J2232.6+1143,883.4094060239286,1036800.0,0.0,1.7142857142857142,0.4811217915461338
553,4FGL J2232.6+1143,25132.53588914766,7516800.0,0.0,12.428571428571429,0.09020235614870514
554,4FGL J2232.6+1143,4767.9483272859425,1555200.0,0.0,2.5714285714285716,0.20709531176515622
555,4FGL J2232.6+1143,1920.7228897523746,1555200.0,0.0,2.5714285714285716,0.32628993805126044
556,4FGL J2232.6+1143,1148.1244196756984,777600.0,0.0,1.2857142857142858,0.42202828632268735
557,4FGL J2232.6+1143,315.50335929426024,518400.0,0.0,0.8571428571428571,0.8050707417622205
558,4FGL J2232.6+1143,1559.048307146759,1036800.0,0.0,1.7142857142857142,0.3621648116318398
559,4FGL J2232.6+1143,275.4882990910858,518400.0,0.0,0.8571428571428571,0.8615578794128322
560,4FGL J2232.6+1143,2511.714548137721,2332800.0,0.0,3.857142857142857,0.2853322735663726
561,4FGL J2232.6+1143,12898.700752415585,6480000.0,0.0,10.714285714285714,0.12591082043590382
562,4FGL J1337.6-1257,78.04247984695533,131414400.0,0.0,217.28571428571428,1.618715431749402
563,4FGL J1337.6-1257,37.348092599009256,52099200.0,0.0,86.14285714285714,2.339924388587896
564,4FGL J1337.6-1257,171.9206939275344,225115200.0,0.0,372.2142857142857,1.0906162385257179
565,4FGL J1337.6-1257,39.648094763442764,48600000.0,0.0,80.35714285714286,2.271040484026544
566,4FGL J0428.6-3756,142.23008980962527,64281600.0,0.0,106.28571428571429,1.1990582880558303
567,4FGL J0428.6-3756,19.66562305520157,15811200.0,0.0,26.142857142857142,3.2246470191977106
568,4FGL J0428.6-3756,10.473377986097452,10368000.0,0.0,17.142857142857142,4.418680992000758
569,4FGL J0428.6-3756,118.10314462755659,43545600.0,0.0,72.0,1.3158467337843005
570,4FGL J0428.6-3756,127.43357598585736,61689600.0,0.0,102.0,1.2667593027920665
571,4FGL J0428.6-3756,91.18623307983873,36806400.0,0.0,60.857142857142854,1.4975157537102417
572,4FGL J0428.6-3756,8.029406387426164,5443200.0,0.0,9.0,5.046546948482689
573,4FGL J0428.6-3756,2.883924577599129,3110400.0,0.0,5.142857142857143,8.420620370368752
574,4FGL J0428.6-3756,5.1528884256339,4406400.0,0.0,7.285714285714286,6.299566546365195
575,4FGL J0428.6-3756,0.8623416975136814,1296000.0,0.0,2.142857142857143,15.39913563557243
576,4FGL J0428.6-3756,2.407361754825924,3888000.0,0.0,6.428571428571429,9.216485817163209
577,4FGL J0428.6-3756,12.962847367582352,12441600.0,0.0,20.571428571428573,3.971785936982142
578,4FGL J0428.6-3756,0.43169989274304543,518400.0,0.0,0.8571428571428571,21.764318215485606
579,4FGL J0428.6-3756,9.023797463896539,7516800.0,0.0,12.428571428571429,4.760377215675713
580,4FGL J0428.6-3756,8.219227369676414,7257600.0,0.0,12.0,4.987932184117805
581,4FGL J0428.6-3756,3.20177420451092,3888000.0,0.0,6.428571428571429,7.9917278641196425
582,4FGL J0428.6-3756,12.673777733520094,13996800.0,0.0,23.142857142857142,4.0168257668665515
