,Name,Photon Flux (ph/cm2/s),Fluence (ph/cm2),Photon Count,Background Counts,Duration (s),Duration (weeks),MDP99,Start Time (MJD),Start Time (s)
0,4FGL J0538.8-4405,2.9617149374972718e-09,0.07561613641223035,0.05086351551003237,255312.0,25531200.0,42.214285714285715,14205787.72434745,54683.00001157408,4724611201.0
1,4FGL J0538.8-4405,1.1917052596993498e-08,0.9699146104061844,0.20465953084372715,813888.0,81388800.0,134.57142857142858,6303567.975517454,54981.50001157408,4750401601.0
2,4FGL J0538.8-4405,3.3265339057911027e-09,0.18710555667868867,0.05712879614769144,562464.0,56246400.0,93.0,18772769.710441865,55926.50001157408,4832049601.0
3,4FGL J0538.8-4405,7.196609966642418e-10,0.012124848471799145,0.012359220599646496,168480.0,16848000.0,27.857142857142858,47491856.43524959,56802.50001157408,4907736001.0
4,4FGL J0538.8-4405,3.6373701607564826e-10,0.0029226996715710487,0.006246699547111183,80352.0,8035200.0,13.285714285714286,64890897.67380174,57012.50001157408,4925880001.0
5,4FGL J0538.8-4405,9.803923316495266e-10,0.02248941577417482,0.01683693455282727,229392.0,22939200.0,37.92857142857143,40678240.87087854,57363.50001157408,4956206401.0
6,4FGL J0538.8-4405,5.334215931609267e-10,0.00781185254752314,0.009160806508966047,146448.0,14644800.0,24.214285714285715,59737090.07168818,57708.50001157408,4986014401.0
7,4FGL J0538.8-4405,8.104971089996462e-10,0.008298193600781979,0.01391921003352061,102384.0,10238400.0,16.928571428571427,32872862.655614223,58472.00001157408,5051980801.0
8,4FGL J0538.8-4405,3.2723022477044864e-09,0.15691343738192554,0.05619743953828246,479520.0,47952000.0,79.28571428571429,17620689.441657178,58611.50001157408,5064033601.0
9,4FGL J0538.8-4405,1.959099498782237e-10,0.0007616978851265337,0.003364492864604015,38880.0,3888000.0,6.428571428571429,83806860.69218971,59277.50001157408,5121576001.0
10,4FGL J0538.8-4405,5.908608087085276e-10,0.0052071381349865125,0.010147248652300168,88128.0,8812800.0,14.571428571428571,41835476.21622048,59337.50001157408,5126760001.0
11,4FGL J0538.8-4405,3.452145685882614e-09,0.13332462810533527,0.05928601142997187,386208.0,38620800.0,63.857142857142854,14989752.777746849,59442.50001157408,5135832001.0
12,4FGL J1104.4+3812,1.8335738114244753e-05,175.8470628108529,400.0099477937942,95904.0,9590400.0,15.857142857142858,1109.3981338701108,54924.50001157408,4745476801.0
13,4FGL J1104.4+3812,7.039454739377076e-05,2444.999735718361,1535.7177907157227,347328.0,34732800.0,57.42857142857143,549.9871268209173,55047.50001157408,4756104001.0
14,4FGL J1104.4+3812,4.492329776223863e-05,1001.3942150776137,980.0405023584902,222912.0,22291200.0,36.857142857142854,690.4167838580039,55452.50001157408,4791096001.0
15,4FGL J1104.4+3812,3.2479335681889693e-06,7.5767794278712275,70.85647324116441,23328.0,2332800.0,3.857142857142857,3087.1222077834036,55731.50001157408,4815201601.0
16,4FGL J1104.4+3812,3.208762035762397e-05,590.5148949654254,700.0191246246393,184032.0,18403200.0,30.428571428571427,878.005468527998,55767.50001157408,4818312001.0
17,4FGL J1104.4+3812,0.0001901269770596377,11236.048039479645,4147.784053958178,590976.0,59097600.0,97.71428571428571,265.96442711768225,55986.50001157408,4837233601.0
18,4FGL J1104.4+3812,8.065151090466491e-05,2466.7748519257193,1759.4822998372915,305856.0,30585600.0,50.57142857142857,450.770233805146,56673.50001157408,4896590401.0
19,4FGL J1104.4+3812,5.9038263928672184e-05,1499.6663650105593,1287.9706682545593,254016.0,25401600.0,42.0,560.9948177584438,57030.50001157408,4927435201.0
20,4FGL J1104.4+3812,2.644471727271945e-05,356.43247728862184,576.9143248977882,134784.0,13478400.0,22.285714285714285,911.9506860274976,57327.50001157408,4953096001.0
21,4FGL J1104.4+3812,4.612770439781233e-05,1207.5863989712086,1006.3156723252807,261792.0,26179200.0,43.285714285714285,728.4723792990602,57486.50001157408,4966833601.0
22,4FGL J1104.4+3812,2.1763325859265642e-05,253.84743282247445,474.7857319155849,116640.0,11664000.0,19.285714285714285,1030.7283996691374,57792.50001157408,4993272001.0
23,4FGL J1104.4+3812,4.346309630045765e-06,12.392198017186486,94.8184947547656,28512.0,2851200.0,4.714285714285714,2550.807945449127,57933.50001157408,5005454401.0
24,4FGL J1104.4+3812,9.262887553450292e-05,5041.9749530940635,2020.7788438017058,544320.0,54432000.0,90.0,523.0570495572131,57972.50001157408,5008824001.0
25,4FGL J1104.4+3812,2.7472930670069212e-05,448.6219686699622,599.345687345926,163296.0,16329600.0,27.0,965.921789522652,58611.50001157408,5064033601.0
26,4FGL J1104.4+3812,9.81846258926431e-05,4937.194276086379,2141.9823315952235,502848.0,50284800.0,83.14285714285714,474.41841120384663,58809.50001157408,5081140801.0
27,4FGL J1104.4+3812,2.7870309348420722e-05,498.45490863463493,608.0148460888875,178848.0,17884800.0,29.571428571428573,996.3246226103489,59394.50001157408,5131684801.0
28,4FGL J1104.4+3812,8.291779643132047e-06,49.43227352049601,180.89232740459622,59616.0,5961600.0,9.857142857142858,1933.1039042799046,59607.50001157408,5150088001.0
29,4FGL J1104.4+3812,1.7782931829317114e-05,133.67074197461088,387.9500017040213,75168.0,7516800.0,12.428571428571429,1013.1986783835082,59694.50001157408,5157604801.0
30,4FGL J1104.4+3812,7.503944163644961e-06,23.340267926601285,163.70501664262045,31104.0,3110400.0,5.142857142857143,1544.621416799125,59784.50001157408,5165380801.0
31,4FGL J1104.4+3812,3.507126406847701e-05,504.52117638348284,765.1098865878248,143856.0,14385600.0,23.785714285714285,710.7683302760007,59823.50001157408,5168750401.0
32,4FGL J1653.8+3945,6.623343106727392e-05,2240.3855459091806,1462.9044965813428,338256.0,33825600.0,55.92857142857143,569.7442096522531,54683.00001157408,4724611201.0
33,4FGL J1653.8+3945,7.943184940860508e-05,4097.1583379753765,1754.4192985200139,515808.0,51580800.0,85.28571428571429,586.3865613290116,55077.50001157408,4758696001.0
34,4FGL J1653.8+3945,7.68284125264393e-05,3007.002603554813,1696.9169245660273,391392.0,39139200.0,64.71428571428571,528.3489586821652,55677.50001157408,4810536001.0
35,4FGL J1653.8+3945,4.921304148269417e-05,892.921424662003,1086.9734289071102,181440.0,18144000.0,30.0,562.0573557641499,56133.50001157408,4849934401.0
36,4FGL J1653.8+3945,5.771773043405739e-05,1570.845751493306,1274.8173546783405,272160.0,27216000.0,45.0,586.5634224929037,56346.50001157408,4868337601.0
37,4FGL J1653.8+3945,6.350620452827397e-05,1596.6983967316753,1402.667967946028,251424.0,25142400.0,41.57142857142857,512.6165207963267,56667.50001157408,4896072001.0
38,4FGL J1653.8+3945,0.00022407790696494595,26194.52806187661,4949.231413824856,1168992.0,116899200.0,193.28571428571428,313.0555840284738,56964.50001157408,4921732801.0
39,4FGL J1653.8+3945,1.2674445813145105e-05,121.55300512638682,279.9417676685625,95904.0,9590400.0,15.857142857142858,1584.2350680970565,58341.50001157408,5040705601.0
40,4FGL J1653.8+3945,9.685600066113904e-05,4205.100124704012,2139.268291025855,434160.0,43416000.0,71.78571428571429,441.5328553388728,58493.00001157408,5053795201.0
41,4FGL J1653.8+3945,6.038989856379086e-06,23.479592561601887,133.38378026548,38880.0,3888000.0,6.428571428571429,2117.5799962161277,59004.50001157408,5097988801.0
42,4FGL J1653.8+3945,2.8709289871854743e-05,379.5138446740222,634.1049915492794,132192.0,13219200.0,21.857142857142858,821.895465408538,59058.50001157408,5102654401.0
43,4FGL J1653.8+3945,5.442982576069372e-05,1283.847186182635,1202.1970713336798,235872.0,23587200.0,39.0,579.1652763421343,59217.50001157408,5116392001.0
44,4FGL J1653.8+3945,7.614642236365841e-05,3286.2359206639335,1681.8537388050017,431568.0,43156800.0,71.35714285714286,559.6506659142063,59493.50001157408,5140238401.0
45,4FGL J0136.5+3906,1.681578314664166e-06,4.79451609077047,37.1289596699137,28512.0,2851200.0,4.714285714285714,6507.582579638624,58764.50001157408,5077252801.0
46,4FGL J0136.5+3906,5.81942300082326e-06,34.693072161707946,128.49185792627617,59616.0,5961600.0,9.857142857142858,2720.2534168252646,58845.50001157408,5084251201.0
47,4FGL J0156.9-5301,0.00012855171919751176,57611.32711005544,2849.779657453189,4481568.0,448156800.0,741.0,1062.6195171172772,54713.00001157408,4727203201.0
48,4FGL J1136.4+6736,0.00020046776682113723,91607.67521714835,4445.545565015166,4569696.0,456969600.0,755.5714285714286,687.964092499509,54698.00001157408,4725907201.0
49,4FGL J1221.3+3010,1.237824211473755e-05,1275.355041565639,269.3242357349525,1030320.0,103032000.0,170.35714285714286,5390.181895619774,54683.00001157408,4724611201.0
50,4FGL J1221.3+3010,2.0321704146926432e-06,32.394422146532484,44.21570839761217,159408.0,15940800.0,26.357142857142858,12914.414735292605,55889.00001157408,4828809601.0
51,4FGL J1221.3+3010,1.2783192993635092e-05,1928.4009091390255,278.1351060474202,1508544.0,150854400.0,249.42857142857142,6315.376578279174,56078.00001157408,4845139201.0
52,4FGL J1221.3+3010,8.011110606741183e-07,3.5300157777544348,17.430473742147246,44064.0,4406400.0,7.285714285714286,17224.81975928099,57852.50001157408,4998456001.0
53,4FGL J1221.3+3010,8.441981380647666e-06,478.1133038892567,183.6795695508852,566352.0,56635200.0,93.64285714285714,5859.881283439755,57965.00001157408,5008176001.0
54,4FGL J1221.3+3010,3.905529469874816e-06,100.21901062056368,84.97601920082262,256608.0,25660800.0,42.42857142857143,8526.02590401133,58643.00001157408,5066755201.0
55,4FGL J1221.3+3010,3.3316018574297996e-06,56.562603694700165,72.48857436365097,169776.0,16977600.0,28.071428571428573,8130.126859348682,58968.50001157408,5094878401.0
56,4FGL J1221.3+3010,8.358071825206998e-06,589.2641230494738,181.85387599274978,705024.0,70502400.0,116.57142857142857,6603.45815096286,59174.00001157408,5112633601.0
57,4FGL J1800.6+7828,1.4415985420632011e-07,0.11209870263083452,2.994361002322938,7776.0,777600.0,1.2857142857142858,42120.50871462818,55203.50001157408,4769582401.0
58,4FGL J1800.6+7828,9.39299398487173e-08,0.04869328081757505,1.951029642628534,5184.0,518400.0,0.8571428571428571,52782.064780370885,55704.50001157408,4812868801.0
59,4FGL J1800.6+7828,7.618203677569763e-08,0.039492767864521654,1.5823858955365115,5184.0,518400.0,0.8571428571428571,65076.2327081822,55980.50001157408,4836715201.0
60,4FGL J1800.6+7828,1.935526033246296e-07,0.20067533912697597,4.020303506022434,10368.0,1036800.0,1.7142857142857142,36225.04018684351,56853.50001157408,4912142401.0
61,4FGL J1800.6+7828,1.850135178838371e-07,0.14386651150647173,3.8429371748743857,7776.0,777600.0,1.2857142857142858,32821.48052951932,57252.50001157408,4946616001.0
62,4FGL J1800.6+7828,2.0309628705257413e-07,0.21057023041610887,4.21853646436437,10368.0,1036800.0,1.7142857142857142,34523.121705195015,57345.50001157408,4954651201.0
63,4FGL J1800.6+7828,7.383797410567616e-08,0.03827760577638252,1.5336970987507728,5184.0,518400.0,0.8571428571428571,67141.82964928047,58548.50001157408,5058590401.0
64,4FGL J1800.6+7828,1.2708168332473516e-07,0.09881871695331407,2.63962834002684,7776.0,777600.0,1.2857142857142858,47779.88288546056,58572.50001157408,5060664001.0
65,4FGL J1800.6+7828,7.450770629711086e-07,1.1587438483326682,15.476081835466985,15552.0,1555200.0,2.5714285714285716,11528.800486223707,58941.50001157408,5092545601.0
66,4FGL J1800.6+7828,7.003724391928423e-07,1.8153653623878472,14.547516925338966,25920.0,2592000.0,4.285714285714286,15830.203722139717,58983.50001157408,5096174401.0
67,4FGL J1800.6+7828,9.182028344569796e-07,2.3799817469124913,19.07209725521369,25920.0,2592000.0,4.285714285714286,12075.769172402532,59073.50001157408,5103950401.0
68,4FGL J1800.6+7828,3.656737765233486e-07,0.6634785001239637,7.595452298575257,18144.0,1814400.0,3.0,25365.288061741747,59154.50001157408,5110948801.0
69,4FGL J1800.6+7828,4.2829373642249355e-07,0.8881098918456827,8.896138726994279,20736.0,2073600.0,3.4285714285714284,23152.085796316955,59202.50001157408,5115096001.0
70,4FGL J1800.6+7828,1.0993653922400672e-06,3.1345106063548793,22.835045692511507,28512.0,2851200.0,4.714285714285714,10578.44507975696,59286.50001157408,5122353601.0
71,4FGL J1800.6+7828,1.518450311030334e-06,2.755076244333438,31.539907003561815,18144.0,1814400.0,3.0,6112.505870794594,59652.50001157408,5153976001.0
72,4FGL J1800.6+7828,1.629123555664918e-07,0.12668064768850404,3.3838713766088477,7776.0,777600.0,1.2857142857142858,37273.037967905744,59736.50001157408,5161233601.0
73,4FGL J2000.0+6508,3.6958092924650716e-05,3965.9286020327586,806.9090739498647,1073088.0,107308800.0,177.42857142857142,1836.5059087226741,54683.00001157408,4724611201.0
74,4FGL J2000.0+6508,6.539693198916506e-05,8339.83530762306,1427.8165796629282,1275264.0,127526400.0,210.85714285714286,1131.635737367902,55959.50001157408,4834900801.0
75,4FGL J2000.0+6508,1.58976062881272e-05,232.8172645683652,347.0937419342911,146448.0,14644800.0,24.214285714285715,1578.5015922971163,57440.00001157408,4962816001.0
76,4FGL J2000.0+6508,4.910208695309996e-06,26.72724797031137,107.20498915652871,54432.0,5443200.0,9.0,3115.1247384917024,57612.50001157408,4977720001.0
77,4FGL J2000.0+6508,5.561521501588718e-05,3409.257172645897,1214.251550735724,613008.0,61300800.0,101.35714285714286,922.9754372969209,57678.50001157408,4983422401.0
78,4FGL J2000.0+6508,3.450579338750472e-05,2262.8071164484295,753.3678170294801,655776.0,65577600.0,108.42857142857143,1537.998998210194,58392.50001157408,5045112001.0
79,4FGL J2000.0+6508,8.740565344659436e-06,208.43101743488677,190.83348002930214,238464.0,23846400.0,39.42857142857143,3660.7206122516964,59160.50001157408,5111467201.0
80,4FGL J2000.0+6508,3.870936886500764e-06,39.13052679825892,84.51448251869513,101088.0,10108800.0,16.714285714285715,5381.906800701896,59439.50001157408,5135572801.0
81,4FGL J2000.0+6508,2.9933892581034195e-06,28.707800340915036,65.35491317563782,95904.0,9590400.0,15.857142857142858,6778.351457027349,59564.00001157408,5146329601.0
82,4FGL J2253.9+1609,9.969620562541692e-06,23.25713084829726,206.01226741020713,23328.0,2332800.0,3.857142857142857,1064.8561491990176,55158.50001157408,4765694401.0
83,4FGL J2253.9+1609,9.982551328511267e-06,23.287295739151084,206.27946879465617,23328.0,2332800.0,3.857142857142857,1063.4828391105113,55281.50001157408,4776321601.0
84,4FGL J2253.9+1609,1.8400479974704056e-06,1.4308213228329874,38.02275700709789,7776.0,777600.0,1.2857142857142858,3324.5262713058673,55317.50001157408,4779432001.0
85,4FGL J2253.9+1609,5.14683277886961e-05,360.1959451964108,1063.5416705224998,69984.0,6998400.0,11.571428571428571,358.3901413794253,55494.50001157408,4794724801.0
86,4FGL J2253.9+1609,8.146382560831732e-07,0.422308471953517,16.833687220289296,5184.0,518400.0,0.8571428571428571,6126.229567413862,55578.50001157408,4801982401.0
87,4FGL J2253.9+1609,8.185174858740456e-07,0.42431946467710524,16.91384763562401,5184.0,518400.0,0.8571428571428571,6097.242291895647,56817.50001157408,4909032001.0
88,4FGL J2253.9+1609,1.0499781967294233e-06,0.544308697184533,21.69675241726176,5184.0,518400.0,0.8571428571428571,4755.330836980762,56826.50001157408,4909809601.0
89,4FGL J2253.9+1609,2.367623249029032e-06,1.8410638384449753,48.924573492618585,7776.0,777600.0,1.2857142857142858,2585.5269509913237,57555.50001157408,4972795201.0
90,4FGL J2229.7-0832,1.028398191942734e-06,13.328040567577833,21.20294621544457,129600.0,12960000.0,21.428571428571427,24281.630696671786,54726.50001157408,4728369601.0
91,4FGL J2229.7-0832,3.0190237791014807e-06,159.24505108102161,62.244565687647004,527472.0,52747200.0,87.21428571428571,16686.295292499293,54881.00001157408,4741718401.0
92,4FGL J2229.7-0832,1.4459587368044568e-07,0.48723025595362973,2.9811979023709014,33696.0,3369600.0,5.571428571428571,88054.91782731218,55494.50001157408,4794724801.0
93,4FGL J2229.7-0832,4.342265976203573e-06,595.3976154059101,89.5264428389097,1371168.0,137116800.0,226.71428571428572,18704.418915100523,55545.50001157408,4799131201.0
94,4FGL J2229.7-0832,2.4525355072465535e-06,83.91203085913648,50.565023216719524,342144.0,34214400.0,56.57142857142857,16543.308944657492,57147.50001157408,4937544001.0
95,4FGL J2229.7-0832,3.8111043155890618e-06,785.8253188068447,78.57524493720936,2061936.0,206193600.0,340.92857142857144,26133.414652039643,57546.50001157408,4972017601.0
96,4FGL J2147.3-7536,1.030607586780617e-06,9.349672027273758,21.08965725735024,90720.0,9072000.0,15.0,20425.30313891694,55254.50001157408,4773988801.0
97,4FGL J2147.3-7536,6.709046948807163e-07,3.8257669320877965,13.728940334681763,57024.0,5702400.0,9.428571428571429,24875.976183715313,55449.50001157408,4790836801.0
98,4FGL J2147.3-7536,7.935767634260602e-07,7.199328397801218,16.239218653855627,90720.0,9072000.0,15.0,26525.3605297364,55749.50001157408,4816756801.0
99,4FGL J2147.3-7536,4.25803874289623e-08,0.033110509264761084,0.8713362760768769,7776.0,777600.0,1.2857142857142858,144728.04616088103,55881.50001157408,4828161601.0
100,4FGL J2147.3-7536,1.9449098867552685e-07,0.7561809639704484,3.9799321714901916,38880.0,3888000.0,6.428571428571429,70850.95720740825,55956.50001157408,4834641601.0
101,4FGL J2147.3-7536,1.7380908621003088e-07,0.36041052116512007,3.5567116945385657,20736.0,2073600.0,3.4285714285714284,57901.139308127815,56076.50001157408,4845009601.0
102,4FGL J2147.3-7536,1.0422056732612676e-07,0.16208382630559234,2.132699266207213,15552.0,1555200.0,2.5714285714285716,83623.68815472334,56160.50001157408,4852267201.0
103,4FGL J2147.3-7536,2.519947880795921e-07,1.0450727851236845,5.156651066230203,41472.0,4147200.0,6.857142857142857,56477.151036120325,56211.50001157408,4856673601.0
104,4FGL J2147.3-7536,2.2320233562762715e-07,0.8678106809202144,4.567461774787743,38880.0,3888000.0,6.428571428571429,61737.60136682157,56331.50001157408,4867041601.0
105,4FGL J2147.3-7536,8.476903529357815e-07,10.546624295085818,17.346562584138464,124416.0,12441600.0,20.571428571428573,29079.77224834755,56412.50001157408,4874040001.0
106,4FGL J2147.3-7536,1.0746478732071437e-07,0.16712923724117498,2.1990867920035466,15552.0,1555200.0,2.5714285714285716,81099.37252770452,56574.50001157408,4888036801.0
107,4FGL J2147.3-7536,2.228130292282766e-07,1.6170878409271403,4.559495271692183,72576.0,7257600.0,12.0,84494.69130593921,56625.50001157408,4892443201.0
108,4FGL J2147.3-7536,6.991294088336286e-07,2.990036655699663,14.306511809109862,42768.0,4276800.0,7.071428571428571,20674.46962895698,56768.00001157408,4904755201.0
109,4FGL J2147.3-7536,1.0012473958295992e-06,12.586881262453058,20.488850148893416,125712.0,12571200.0,20.785714285714285,24748.11967898293,56840.00001157408,4910976001.0
110,4FGL J2147.3-7536,6.082912489851758e-08,0.047300727521087264,1.2447661086812527,7776.0,777600.0,1.2857142857142858,101312.06462654196,57003.50001157408,4925102401.0
111,4FGL J1642.9+3948,3.535696732447527e-09,0.0022911314826259974,0.06918364624734338,6480.0,648000.0,1.0714285714285714,1663881.5706335986,55052.00001157408,4756492801.0
112,4FGL J1642.9+3948,1.4634188848537055e-08,0.02465568137201523,0.2863499392135806,16848.0,1684800.0,2.7857142857142856,648211.6165876716,55101.50001157408,4760769601.0
113,4FGL J1642.9+3948,8.198022254217317e-09,0.011687100525612207,0.16041225095994194,14256.0,1425600.0,2.357142857142857,1064387.5625944852,55187.00001157408,4768156801.0
114,4FGL J1642.9+3948,9.120899028449385e-09,0.007092411084522242,0.17847035523467222,7776.0,777600.0,1.2857142857142858,706566.5268006958,57897.50001157408,5002344001.0
115,4FGL J1642.9+3948,2.984367750438761e-09,0.0015470962418274537,0.058395687849452545,5184.0,518400.0,0.8571428571428571,1763153.8165185696,58545.50001157408,5058331201.0
116,4FGL J1642.9+3948,4.362690205460678e-08,0.11308093012554077,0.8536558384417963,25920.0,2592000.0,4.285714285714286,269698.0911016959,59385.50001157408,5130907201.0
117,4FGL J1642.9+3948,1.0415323594904751e-08,0.008098955627397934,0.20379860538624203,7776.0,777600.0,1.2857142857142858,618754.893644592,59424.50001157408,5134276801.0
118,4FGL J1642.9+3948,1.2344975031935436e-08,0.01279927011311066,0.24155645977885992,10368.0,1036800.0,1.7142857142857142,602795.407359098,59604.50001157408,5149828801.0
119,4FGL J1642.9+3948,6.464931584685411e-08,0.2178423346775596,1.2650053825700687,33696.0,3369600.0,5.571428571428571,207510.93665930844,59658.50001157408,5154494401.0
120,4FGL J1642.9+3948,4.836114005229076e-08,0.12535207501553766,0.9462915681628152,25920.0,2592000.0,4.285714285714286,243296.85397920807,59787.50001157408,5165640001.0
121,4FGL J1642.9+3948,5.567224177023311e-08,0.05772098026737769,1.0893492773522373,10368.0,1036800.0,1.7142857142857142,133671.61532016422,59826.50001157408,5169009601.0
122,4FGL J1626.0-2950,1.2143174927359817e-07,1.5580179158799738,2.4566835226109904,128304.0,12830400.0,21.214285714285715,208502.4105513597,54758.00001157408,4731091201.0
123,4FGL J1626.0-2950,7.383939824061934e-07,51.67576446471504,14.938435299035971,699840.0,69984000.0,115.71428571428571,80082.00588847579,55077.50001157408,4758696001.0
124,4FGL J1626.0-2950,4.251029697201811e-07,21.486404501536835,8.600250489446173,505440.0,50544000.0,83.57142857142857,118212.5092261954,55896.50001157408,4829457601.0
125,4FGL J1626.0-2950,6.878876561159642e-08,0.7042868978377688,1.3916642725618789,102384.0,10238400.0,16.928571428571427,328791.481794192,56493.50001157408,4881038401.0
126,4FGL J1626.0-2950,4.03209482759189e-07,6.375225773802089,8.1573237508353,158112.0,15811200.0,26.142857142857142,69707.89322070159,56634.50001157408,4893220801.0
127,4FGL J1626.0-2950,2.129362765496678e-06,205.31826831982687,43.07909958433272,964224.0,96422400.0,159.42857142857142,32596.283777837118,56832.50001157408,4910328001.0
128,4FGL J1626.0-2950,3.1613344375977316e-07,11.676704878710982,6.395689981217792,369360.0,36936000.0,61.07142857142857,135886.81648611155,57978.50001157408,5009342401.0
129,4FGL J1626.0-2950,4.4204637263435164e-07,32.76942805903165,8.943032167262714,741312.0,74131200.0,122.57142857142857,137674.776257578,58439.00001157408,5049129601.0
130,4FGL J1626.0-2950,5.8796750255365247e-08,1.2420695897945397,1.1895159906655046,211248.0,21124800.0,34.92857142857143,552539.4340657357,59336.00001157408,5126630401.0
131,4FGL J1626.0-2950,6.3761336501543e-08,0.7519756981645975,1.289954445192634,117936.0,11793600.0,19.5,380703.8212942679,59612.00001157408,5150476801.0
132,4FGL J1626.0-2950,1.426387987984101e-07,2.551066388749805,2.8857229578695263,178848.0,17884800.0,29.571428571428573,209568.95629983072,59786.00001157408,5165510401.0
133,4FGL J1512.8-0906,4.0533692677780687e-07,0.7354433199456528,8.178879853930166,18144.0,1814400.0,3.0,23556.27361880914,54711.50001157408,4727073601.0
134,4FGL J1512.8-0906,4.040446730261241e-07,0.41891351699348545,8.152804785320399,10368.0,1036800.0,1.7142857142857142,17866.816348813543,54837.50001157408,4737960001.0
135,4FGL J1512.8-0906,4.005125127715248e-06,47.75390792277445,80.8153293112037,119232.0,11923200.0,19.714285714285715,6112.035066796598,54897.50001157408,4743144001.0
136,4FGL J1512.8-0906,8.748557898891879e-07,3.174676690349885,17.652821448812084,36288.0,3628800.0,6.0,15435.085307567553,55170.50001157408,4766731201.0
137,4FGL J1512.8-0906,6.93509513403049e-08,0.03595153317481406,1.3993620153908148,5184.0,518400.0,0.8571428571428571,73586.31602974256,55272.50001157408,4775544001.0
138,4FGL J1512.8-0906,5.12593988167471e-08,0.03985930851990255,1.0343110548540806,7776.0,777600.0,1.2857142857142858,121924.75131688618,55659.50001157408,4808980801.0
139,4FGL J1512.8-0906,4.2988974805977816e-07,0.5571371134854725,8.674306157515733,12960.0,1296000.0,2.142857142857143,18773.665815384757,55734.50001157408,4815460801.0
140,4FGL J1512.8-0906,1.787617689827735e-07,0.18534020208133956,3.607051157684398,10368.0,1036800.0,1.7142857142857142,40374.46334784929,55779.50001157408,4819348801.0
141,4FGL J1512.8-0906,2.2609702390691083e-06,9.376695775467406,45.62180920860155,41472.0,4147200.0,6.857142857142857,6386.747810386322,55839.50001157408,4824532801.0
142,4FGL J1512.8-0906,2.7516389885830293e-06,13.551271690973703,55.52251275972996,49248.0,4924800.0,8.142857142857142,5718.813046339406,55950.50001157408,4834123201.0
143,4FGL J1512.8-0906,1.2625319153939978e-07,0.1308993089880497,2.5475342031742105,10368.0,1036800.0,1.7142857142857142,57163.24271254825,56019.50001157408,4840084801.0
144,4FGL J1512.8-0906,4.95363938145035e-08,0.025679666553438615,0.9995442967077249,5184.0,518400.0,0.8571428571428571,103016.87067887533,56037.50001157408,4841640001.0
145,4FGL J1512.8-0906,5.90129213268433e-08,0.030592298415835564,1.1907614665126809,5184.0,518400.0,0.8571428571428571,86475.61005269877,56271.50001157408,4861857601.0
146,4FGL J1512.8-0906,2.0520989576721278e-07,0.31914242989716934,4.140720895230957,15552.0,1555200.0,2.5714285714285716,43073.58417198009,56319.50001157408,4866004801.0
147,4FGL J1512.8-0906,1.7660801272996898e-07,0.16021878914862786,3.563592710001454,9072.0,907200.0,1.5,38228.281712025244,56355.50001157408,4869115201.0
148,4FGL J1512.8-0906,9.342994624665921e-08,0.0726511262014022,1.8852274604861348,7776.0,777600.0,1.2857142857142858,66896.44597197452,56475.50001157408,4879483201.0
149,4FGL J1512.8-0906,1.9250273387566622e-06,11.476242982731717,38.84316053901585,59616.0,5961600.0,9.857142857142858,8991.752240595855,56526.50001157408,4883889601.0
150,4FGL J1512.8-0906,5.2120901317868905e-08,0.027019475243183242,1.0516944339272585,5184.0,518400.0,0.8571428571428571,97909.0884752958,56817.50001157408,4909032001.0
151,4FGL J1512.8-0906,6.76279463380613e-08,0.035058327381650975,1.364595257244459,5184.0,518400.0,0.8571428571428571,75460.87365515894,56826.50001157408,4909809601.0
152,4FGL J1512.8-0906,8.774402973925533e-08,0.06822975752524495,1.7704971586031613,7776.0,777600.0,1.2857142857142858,71230.88912520837,56856.50001157408,4912401601.0
153,4FGL J1512.8-0906,1.3835730168016108e-07,0.143448850381991,2.7917706791523584,10368.0,1036800.0,1.7142857142857142,52162.9630473675,56868.50001157408,4913438401.0
154,4FGL J1512.8-0906,4.9105642563942607e-08,0.025456365105147847,0.9908526071711361,5184.0,518400.0,0.8571428571428571,103920.44033744016,56913.50001157408,4917326401.0
155,4FGL J1512.8-0906,1.8440461036512129e-07,0.2389883750331972,3.7209122906137124,12960.0,1296000.0,2.142857142857143,43757.393145287366,56937.50001157408,4919400001.0
156,4FGL J1512.8-0906,1.740235052266036e-07,0.18042757021894262,3.5114425727819207,10368.0,1036800.0,1.7142857142857142,41473.576883706235,56955.50001157408,4920955201.0
157,4FGL J1512.8-0906,1.6058406620910353e-07,0.20811694980699819,3.2402618592403463,12960.0,1296000.0,2.142857142857143,50247.29810360112,57048.50001157408,4928990401.0
158,4FGL J1512.8-0906,1.558888775779897e-06,6.06095956023224,31.45522443291527,38880.0,3888000.0,6.428571428571429,8967.718884283428,57096.50001157408,4933137601.0
159,4FGL J1512.8-0906,1.179396924035744e-06,3.3626965098107138,23.79784595118044,28512.0,2851200.0,4.714285714285714,10150.639367360009,57144.50001157408,4937284801.0
160,4FGL J1512.8-0906,9.523910149901497e-07,3.2091767641108087,19.21732556539808,33696.0,3369600.0,5.571428571428571,13663.314705308938,57189.50001157408,4941172801.0
161,4FGL J1512.8-0906,6.431116170874237e-07,0.833472655745301,12.976692478127244,12960.0,1296000.0,2.142857142857143,12551.390556170674,57237.50001157408,4945320001.0
162,4FGL J1512.8-0906,2.998459455154425e-07,0.6217605526208215,6.0502850864195405,20736.0,2073600.0,3.4285714285714284,34039.72477550539,57273.50001157408,4948430401.0
163,4FGL J1512.8-0906,1.6807913796886318e-07,0.17426445024611734,3.3914972571769932,10368.0,1036800.0,1.7142857142857142,42940.102957587995,57600.50001157408,4976683201.0
164,4FGL J1512.8-0906,7.973205647882259e-07,1.8599894135379733,16.088317332226076,23328.0,2332800.0,3.857142857142857,13580.440978478793,57627.50001157408,4979016001.0
165,4FGL J1512.8-0906,2.2037233978695644e-07,0.34272306283667464,4.446668366918887,15552.0,1555200.0,2.5714285714285716,40110.35435432342,58221.50001157408,5030337601.0
166,4FGL J1512.8-0906,4.65211350605772e-08,0.02411655641540322,0.9387024699516026,5184.0,518400.0,0.8571428571428571,109693.24648776391,58407.50001157408,5046408001.0
167,4FGL J1512.8-0906,1.348251414255617e-07,0.10484002997251676,2.7204988249523296,7776.0,777600.0,1.2857142857142858,46359.80262044755,58512.50001157408,5055480001.0
168,4FGL J1512.8-0906,5.470540882123429e-08,0.02835928393292786,1.1038445711467917,5184.0,518400.0,0.8571428571428571,93283.93135945914,58524.50001157408,5056516801.0
169,4FGL J1512.8-0906,3.975834042677107e-07,0.8244289470895249,8.022429442271566,20736.0,2073600.0,3.4285714285714284,25672.999833865124,58572.50001157408,5060664001.0
170,4FGL J1512.8-0906,5.054865925332162e-07,1.1791991230614867,10.19969767118709,23328.0,2332800.0,3.857142857142857,21418.172609786907,58599.50001157408,5062996801.0
171,4FGL J1512.8-0906,4.117981955362204e-08,0.021347618456597665,0.8309255196979001,5184.0,518400.0,0.8571428571428571,123919.95284829545,58689.50001157408,5070772801.0
172,4FGL J1512.8-0906,3.687230704801304e-08,0.01911460397368996,0.744008624332011,5184.0,518400.0,0.8571428571428571,138395.42283040952,58701.50001157408,5071809601.0
173,4FGL J1256.1-0547,1.1399030181382044e-07,0.08863885869042677,2.269940675567367,7776.0,777600.0,1.2857142857142858,55560.1021880037,56628.50001157408,4892702401.0
174,4FGL J1256.1-0547,1.5664473733125006e-07,0.18271042162317006,3.1193378315861238,11664.0,1166400.0,1.9285714285714286,49517.12771447356,56645.00001157408,4894128001.0
175,4FGL J1256.1-0547,1.4267173259278172e-07,0.07396102617609804,2.8410870390972205,5184.0,518400.0,0.8571428571428571,36249.57922473848,56748.50001157408,4903070401.0
176,4FGL J1256.1-0547,1.2453134047617371e-07,0.09683557035427268,2.479849168146715,7776.0,777600.0,1.2857142857142858,50857.86637711061,56862.50001157408,4912920001.0
177,4FGL J1256.1-0547,1.257570426462148e-07,0.09778867636169664,2.5042571324001273,7776.0,777600.0,1.2857142857142858,50362.25468694094,56982.50001157408,4923288001.0
178,4FGL J1256.1-0547,1.3654322174257633e-07,0.07078400615135157,2.719047217830158,5184.0,518400.0,0.8571428571428571,37876.13449093611,57183.50001157408,4940654401.0
179,4FGL J1256.1-0547,1.6620521425757044e-07,0.12924117460668677,3.3097199527627414,7776.0,777600.0,1.2857142857142858,38107.92664906425,57840.50001157408,4997419201.0
180,4FGL J1256.1-0547,1.502710860470364e-07,0.15580106201356733,2.9924164174683785,10368.0,1036800.0,1.7142857142857142,48665.83362320697,57882.50001157408,5001048001.0
181,4FGL J1256.1-0547,7.942550061866198e-08,0.04117417952071437,1.581636083621133,5184.0,518400.0,0.8571428571428571,65107.07892513742,57924.50001157408,5004676801.0
182,4FGL J1256.1-0547,2.3337369317582165e-07,0.30245230635586484,4.647276393849749,12960.0,1296000.0,2.142857142857143,35036.27186682109,57936.50001157408,5005713601.0
183,4FGL J1256.1-0547,5.2214912443750006e-08,0.027068210610840002,1.0397792771953747,5184.0,518400.0,0.8571428571428571,99030.94563099151,58008.50001157408,5011934401.0
184,4FGL J1256.1-0547,4.535098029151996e-08,0.02350994818312395,0.9030946773762643,5184.0,518400.0,0.8571428571428571,114017.91021564638,58113.50001157408,5021006401.0
185,4FGL J1256.1-0547,1.947395607761268e-06,10.095298830634412,38.77937360582185,51840.0,5184000.0,8.571428571428571,8399.049143424736,58122.50001157408,5021784001.0
186,4FGL J1256.1-0547,1.1099958851892021e-06,2.5893984009693707,22.103852427890402,23328.0,2332800.0,3.857142857142857,9885.814870715802,58218.50001157408,5030078401.0
187,4FGL J1256.1-0547,5.295033374577466e-08,0.027449453013809584,1.054424055747422,5184.0,518400.0,0.8571428571428571,97655.65374101642,58254.50001157408,5033188801.0
188,4FGL J1256.1-0547,5.351415674399356e-07,0.5548347771217251,10.656517193039917,10368.0,1036800.0,1.7142857142857142,13670.717758542398,58263.50001157408,5033966401.0
189,4FGL J1256.1-0547,1.941512237345071e-07,0.20129598876793697,3.8662215377405476,10368.0,1036800.0,1.7142857142857142,37668.450422493224,58284.50001157408,5035780801.0
190,4FGL J1256.1-0547,9.1927662753081e-08,0.08339677564959508,1.830597319005941,9072.0,907200.0,1.5,74411.2412401584,58301.00001157408,5037206401.0
191,4FGL J1229.0+0202,1.78688552504771e-05,74.10571649477863,383.4747232519662,41472.0,4147200.0,6.857142857142857,762.9137298588864,54711.50001157408,4727073601.0
192,4FGL J1229.0+0202,4.335212160302375e-06,6.742121951702254,93.03585820731998,15552.0,1555200.0,2.5714285714285716,1922.533653578122,54768.50001157408,4731998401.0
193,4FGL J1229.0+0202,8.969164902164049e-06,23.248075426409216,192.48284125905462,25920.0,2592000.0,4.285714285714286,1200.516409185323,54936.50001157408,4746513601.0
194,4FGL J1229.0+0202,2.0483414293736383e-06,2.123720393974588,43.958449030114586,10368.0,1036800.0,1.7142857142857142,3319.4022928984646,54972.50001157408,4749624001.0
195,4FGL J1229.0+0202,8.63012907937117e-05,1051.3568449653135,1852.06960040277,121824.0,12182400.0,20.142857142857142,271.5323458402375,55044.50001157408,4755844801.0
196,4FGL J1229.0+0202,3.4876226033201804e-06,4.519958893902953,74.846155160376,12960.0,1296000.0,2.142857142857143,2181.320579733449,55224.50001157408,4771396801.0
197,4FGL J1229.0+0202,2.1796483361520276e-05,79.09507882228478,467.7636204312475,36288.0,3628800.0,6.0,586.1008081018646,55248.50001157408,4773470401.0
198,4FGL J1229.0+0202,8.035890062098955e-07,0.4165805408192098,17.245428845053432,5184.0,518400.0,0.8571428571428571,5980.200053235163,55374.50001157408,4784356801.0
199,4FGL J1229.0+0202,8.024310969790454e-07,0.41598028067393716,17.220579523951052,5184.0,518400.0,0.8571428571428571,5988.815184494259,55440.50001157408,4790059201.0
200,4FGL J1229.0+0202,3.2988833986916308e-06,5.130423461645224,70.79571582068765,15552.0,1555200.0,2.5714285714285716,2524.69219327463,55467.50001157408,4792392001.0
201,4FGL J1229.0+0202,8.70747741599195e-07,0.4513956292450227,18.686689468991617,5184.0,518400.0,0.8571428571428571,5519.725816076199,55548.50001157408,4799390401.0
202,4FGL J1229.0+0202,3.062669915598233e-06,4.7630642527383715,65.72645431580162,15552.0,1555200.0,2.5714285714285716,2718.972023305663,55647.50001157408,4807944001.0
203,4FGL J1229.0+0202,1.1926465077754932e-06,0.7728349370385196,25.59480073545394,6480.0,648000.0,1.0714285714285714,4506.379780746966,56166.50001157408,4852785601.0
204,4FGL J1229.0+0202,3.5976239802509295e-06,5.595024814086246,77.20684066510233,15552.0,1555200.0,2.5714285714285716,2315.521007841896,56898.50001157408,4916030401.0
205,4FGL J1229.0+0202,9.564330246820947e-07,0.49581487999519785,20.52553923056792,5184.0,518400.0,0.8571428571428571,5026.110519484556,57336.50001157408,4953873601.0
206,4FGL J1229.0+0202,1.3200165231689926e-06,0.6842965656108058,28.328226056716016,5184.0,518400.0,0.8571428571428571,3644.4545291132217,57378.50001157408,4957502401.0
207,4FGL J1229.0+0202,3.1124600125247823e-06,4.033748176232118,66.79497512320407,12960.0,1296000.0,2.142857142857143,2443.492633091943,57396.50001157408,4959057601.0
208,4FGL J1229.0+0202,1.4705447231794916e-06,0.7623303844962485,31.558637800025735,5184.0,518400.0,0.8571428571428571,3272.413718970664,57879.50001157408,5000788801.0
209,4FGL J1229.0+0202,1.073381856997944e-06,0.5564411546677341,23.03532066190855,5184.0,518400.0,0.8571428571428571,4479.577319115343,59154.50001157408,5110948801.0
210,4FGL J1224.9+2122,7.048644677860998e-07,0.5481026101504712,14.576998156214904,7776.0,777600.0,1.2857142857142858,8658.701155380591,55101.50001157408,4760769601.0
211,4FGL J1224.9+2122,9.21435420674577e-08,0.047767212207770075,1.9055808658410702,5184.0,518400.0,0.8571428571428571,54040.698867170024,55143.50001157408,4764398401.0
212,4FGL J1224.9+2122,5.030902880763384e-07,0.39120300800816077,10.40419334050453,7776.0,777600.0,1.2857142857142858,12128.19289133177,55176.50001157408,4767249601.0
213,4FGL J1224.9+2122,1.1339708899688591e-07,0.058785050935985655,2.34511630642923,5184.0,518400.0,0.8571428571428571,43913.93526720236,55194.50001157408,4768804801.0
214,4FGL J1224.9+2122,1.355249907050564e-06,2.81024620726005,28.027339012188005,20736.0,2073600.0,3.4285714285714284,7352.07564447758,55230.50001157408,4771915201.0
215,4FGL J1224.9+2122,1.4181496446720869e-05,213.19894498142284,293.28141366738794,150336.0,15033600.0,24.857142857142858,1892.3706278962736,55290.50001157408,4777099201.0
216,4FGL J1224.9+2122,1.384170872808963e-06,2.8702167218566657,28.625441035773168,20736.0,2073600.0,3.4285714285714284,7198.564521324366,55473.50001157408,4792910401.0
217,4FGL J1224.9+2122,2.491238538816521e-07,0.19371870877837266,5.152023012463741,7776.0,777600.0,1.2857142857142858,24483.877246342956,55518.50001157408,4796798401.0
218,4FGL J1224.9+2122,8.497383288177086e-07,1.3215130489773004,17.57307201389495,15552.0,1555200.0,2.5714285714285716,10153.755482728759,55530.50001157408,4797835201.0
219,4FGL J1224.9+2122,9.079838086939262e-08,0.047069880642693136,1.8777621670696683,5184.0,518400.0,0.8571428571428571,54841.15472084375,56493.50001157408,4881038401.0
220,4FGL J1224.9+2122,8.434160711868027e-08,0.04372268913032385,1.744232412966936,5184.0,518400.0,0.8571428571428571,59038.76053132581,56505.50001157408,4882075201.0
221,4FGL J1224.9+2122,3.779902966562864e-07,0.2939252546799283,7.8170543547641005,7776.0,777600.0,1.2857142857142858,16139.46802171038,56532.50001157408,4884408001.0
222,4FGL J1224.9+2122,5.314731893555115e-07,0.688789253404743,10.991167884581124,12960.0,1296000.0,2.142857142857143,14817.631077721231,56559.50001157408,4886740801.0
223,4FGL J1224.9+2122,7.88668010425554e-07,1.4309592381161251,16.31010308967328,18144.0,1814400.0,3.0,11815.196845013246,56643.50001157408,4893998401.0
224,4FGL J1224.9+2122,1.7083547215426463e-07,0.08856110876477079,3.532974743968116,5184.0,518400.0,0.8571428571428571,29152.509114936005,56685.50001157408,4897627201.0
225,4FGL J1224.9+2122,3.685741682698308e-07,0.28660327324662044,7.622323463364281,7776.0,777600.0,1.2857142857142858,16551.583154746237,56694.50001157408,4898404801.0
226,4FGL J1224.9+2122,1.221406367843089e-07,0.06331770610898574,2.525937848443346,5184.0,518400.0,0.8571428571428571,40771.02727399364,56925.50001157408,4918363201.0
227,4FGL J1224.9+2122,2.04060953746472e-06,4.231407936886844,42.20096603621757,20736.0,2073600.0,3.4285714285714284,4884.471906140125,56958.50001157408,4921214401.0
228,4FGL J1224.9+2122,1.1729805647127463e-07,0.06080731247470877,2.425790532866297,5184.0,518400.0,0.8571428571428571,42453.82494280524,58242.50001157408,5032152001.0
229,4FGL J1153.4+4931,1.193480704995266e-05,102.08556558247508,255.999307324131,85536.0,8553600.0,14.142857142857142,1636.1406756450258,55671.50001157408,4810017601.0
230,4FGL J0841.3+7053,2.9267856809005504e-06,3.0344913939576905,62.51827261755198,10368.0,1036800.0,1.7142857142857142,2336.049341690342,55863.50001157408,4826606401.0
231,4FGL J0841.3+7053,1.590024541830213e-06,1.2364030837271736,33.964081628331954,7776.0,777600.0,1.2857142857142858,3720.8372964879773,55878.50001157408,4827902401.0
232,4FGL J0841.3+7053,3.228689074918945e-06,2.5106286246569716,68.96714887609602,7776.0,777600.0,1.2857142857142858,1836.493221183205,57231.50001157408,4944801601.0
233,4FGL J0841.3+7053,9.4504148533147e-06,19.596380239833362,201.86774043759118,20736.0,2073600.0,3.4285714285714284,1025.0270860849382,57318.50001157408,4952318401.0
234,4FGL J0841.3+7053,1.3485018266154973e-06,1.0485950203762107,28.80498062149673,7776.0,777600.0,1.2857142857142858,4385.806612035975,57348.50001157408,4954910401.0
235,4FGL J0841.3+7053,5.207833546817311e-07,0.2699740910670094,11.124311545988471,5184.0,518400.0,0.8571428571428571,9265.329451328162,57369.50001157408,4956724801.0
236,4FGL J0530.9+1332,2.0226614752756973e-07,6.212645174538809,4.047480217905025,307152.0,30715200.0,50.785714285714285,195808.18320280037,54701.00001157408,4726166401.0
237,4FGL J0530.9+1332,6.609520958624784e-08,3.2207931250540227,1.322609129449903,487296.0,48729600.0,80.57142857142857,754747.240666038,55077.50001157408,4758696001.0
238,4FGL J0530.9+1332,2.9998792844308746e-07,5.9095221999860685,6.002958086786146,196992.0,19699200.0,32.57142857142857,105730.82919360409,55646.00001157408,4807814401.0
239,4FGL J0530.9+1332,7.807859639918043e-08,0.6374961238800284,1.562404674387731,81648.0,8164800.0,13.5,261528.75033637212,55889.00001157408,4828809601.0
240,4FGL J0530.9+1332,6.74388114723277e-07,227.76622333516426,13.494954973425177,3377376.0,337737600.0,558.4285714285714,194740.00271370512,56024.00001157408,4840473601.0
241,4FGL J0403.9-3605,8.899327428695188e-07,3.4600585042766894,18.315893280042182,38880.0,3888000.0,6.428571428571429,15398.31971128809,55224.50001157408,4771396801.0
242,4FGL J0403.9-3605,9.383449138410194e-07,1.2160950083379611,19.312274370718793,12960.0,1296000.0,2.142857142857143,8435.842356423185,55821.50001157408,4822977601.0
243,4FGL J0403.9-3605,2.2695200149936437e-07,0.29412979394317623,4.670946959149925,12960.0,1296000.0,2.142857142857143,34858.753318892945,55926.50001157408,4832049601.0
244,4FGL J0403.9-3605,8.107708633029332e-08,0.04203036155362406,1.6686645958144595,5184.0,518400.0,0.8571428571428571,61711.96398096078,55971.50001157408,4835937601.0
245,4FGL J0403.9-3605,2.785561837437112e-07,0.3610088141318497,5.733023506354666,12960.0,1296000.0,2.142857142857143,28402.126174913963,56868.50001157408,4913438401.0
246,4FGL J0403.9-3605,1.7236860873369447e-07,0.08935588676754722,3.5475546525189303,5184.0,518400.0,0.8571428571428571,29032.737547937704,57015.50001157408,4926139201.0
247,4FGL J0403.9-3605,1.3087246218669397e-07,0.06784428439758215,2.6935137176532624,5184.0,518400.0,0.8571428571428571,38235.09193180789,57045.50001157408,4928731201.0
248,4FGL J0403.9-3605,1.9359548369812168e-06,13.046786837383817,39.84429438430985,67392.0,6739200.0,11.142857142857142,9319.710378001288,57069.50001157408,4930804801.0
249,4FGL J0403.9-3605,6.937304499652395e-08,0.03596298652619802,1.4277812552113225,5184.0,518400.0,0.8571428571428571,72121.81649610962,57285.50001157408,4949467201.0
250,4FGL J0403.9-3605,6.935176492137163e-07,1.6178379720857574,14.27343285501135,23328.0,2332800.0,3.857142857142857,15306.615648881101,57294.50001157408,4950244801.0
251,4FGL J0403.9-3605,6.011621230526998e-08,0.031164244459051957,1.2372644312797503,5184.0,518400.0,0.8571428571428571,83225.7708108795,59220.50001157408,5116651201.0
252,4FGL J0403.9-3605,5.6711400280900715e-08,0.02939918990561893,1.167189277649747,5184.0,518400.0,0.8571428571428571,88221.84384092083,59934.50001157408,5178340801.0
253,4FGL J0403.9-3605,5.223194446133989e-07,0.8800038002846544,10.749966536552735,16848.0,1684800.0,2.7857142857142856,17271.959459077338,59973.50001157408,5181710401.0
254,4FGL J2327.5+0939,1.3329766090636958e-06,51.99888432893115,27.41645227920347,390096.0,39009600.0,64.5,32578.10292177429,54686.00001157408,4724870401.0
255,4FGL J2327.5+0939,1.2661529582862826e-06,225.79255059000945,26.04203398843692,1783296.0,178329600.0,294.85714285714283,73329.04429841347,55158.50001157408,4765694401.0
256,4FGL J2327.5+0939,5.834357581689644e-07,30.623376074772604,12.000014488668318,524880.0,52488000.0,86.78571428571429,86335.46727286761,57249.50001157408,4946356801.0
257,4FGL J2327.5+0939,4.7586195393861697e-07,44.71198919207245,9.787453480380762,939600.0,93960000.0,155.35714285714286,141625.05533931297,57899.00001157408,5002473601.0
258,4FGL J2327.5+0939,6.800252765407004e-07,49.88230212525592,13.986652440980203,733536.0,73353600.0,121.28571428571429,87566.32250092538,59084.00001157408,5104857601.0
259,4FGL J2151.8-3027,6.698241347160262e-07,1.2153289100287579,14.184873082166034,18144.0,1814400.0,3.0,13584.598271926192,55050.50001157408,4756363201.0
260,4FGL J2151.8-3027,4.607225135307624e-06,41.79674642751076,97.56725746081156,90720.0,9072000.0,15.0,4416.892934527477,55554.50001157408,4799908801.0
261,4FGL J2151.8-3027,1.7861976925760697e-07,0.09259648838314345,3.782632821910942,5184.0,518400.0,0.8571428571428571,27229.065480254838,56274.50001157408,4862116801.0
262,4FGL J2151.8-3027,8.522784044549785e-06,101.61885871997599,180.48709163025612,119232.0,11923200.0,19.714285714285715,2737.8822273079436,56289.50001157408,4863412801.0
263,4FGL J2151.8-3027,1.9172502406726832e-07,0.0993902524764719,4.060162947431581,5184.0,518400.0,0.8571428571428571,25368.516760457544,56595.50001157408,4889851201.0
264,4FGL J2151.8-3027,6.29362873940716e-06,212.07011400306365,133.28024516854902,336960.0,33696000.0,55.714285714285715,6229.3868552726235,56630.00001157408,4892832001.0
265,4FGL J2151.8-3027,1.1391864088250095e-06,3.5433254060093096,24.124563133220057,31104.0,3110400.0,5.142857142857143,10458.106442712828,57093.50001157408,4932878401.0
266,4FGL J2151.8-3027,9.61052019375168e-07,21.79665979942881,20.35220920484692,226800.0,22680000.0,37.5,33463.047470559766,59580.50001157408,5147755201.0
267,4FGL J1924.8-2914,1.715614372337217e-05,707.0527200425926,370.2405843336161,412128.0,41212800.0,68.14285714285714,2480.6361310980888,54689.00001157408,4725129601.0
268,4FGL J1924.8-2914,6.84532567858027e-05,26570.268527922886,1477.2651826988235,3881520.0,388152000.0,641.7857142857143,1907.4849392963079,55188.50001157408,4768286401.0
269,4FGL J1357.1+1921,2.3264295128857743e-05,6304.475088431624,503.05698655558444,2709936.0,270993600.0,448.07142857142856,4679.922658955788,54701.00001157408,4726166401.0
270,4FGL J1332.0-0509,2.4750348925757527e-07,0.19245871324669053,5.142177087623853,7776.0,777600.0,1.2857142857142858,24530.74195055175,55089.50001157408,4759732801.0
271,4FGL J1332.0-0509,1.679972314070254e-07,0.13063464714210293,3.4903407492022183,7776.0,777600.0,1.2857142857142858,36136.30830136069,55200.50001157408,4769323201.0
272,4FGL J1332.0-0509,1.705400754747402e-07,0.13261196268915798,3.5431713357189016,7776.0,777600.0,1.2857142857142858,35597.61741861326,55239.50001157408,4772692801.0
273,4FGL J1332.0-0509,2.3360260835406764e-07,0.24219918434149734,4.85336988133265,10368.0,1036800.0,1.7142857142857142,30008.325790147926,55338.50001157408,4781246401.0
274,4FGL J1332.0-0509,8.45919459859795e-08,0.04385246479913177,1.7574975114550018,5184.0,518400.0,0.8571428571428571,58593.22745921608,55377.50001157408,4784616001.0
275,4FGL J1332.0-0509,4.4262439072022536e-07,0.45891296829872963,9.196044093004028,10368.0,1036800.0,1.7142857142857142,15840.72312825291,55437.50001157408,4789800001.0
276,4FGL J1332.0-0509,2.246348449419267e-06,10.480563325610532,46.670540128838134,46656.0,4665600.0,7.714285714285714,6621.617162832147,55452.50001157408,4791096001.0
277,4FGL J1332.0-0509,1.00527102143659e-07,0.05211324975127282,2.088569186959551,5184.0,518400.0,0.8571428571428571,49306.8360898499,55515.50001157408,4796539201.0
278,4FGL J1332.0-0509,9.493284519468641e-08,0.5905582433871052,1.9723418966228476,62208.0,6220800.0,10.285714285714286,180835.56252685766,58332.50001157408,5039928001.0
279,4FGL J1332.0-0509,1.5782585513616613e-07,0.08181692330258852,3.2790184031354843,5184.0,518400.0,0.8571428571428571,31409.569775029333,59388.50001157408,5131166401.0
280,4FGL J1332.0-0509,7.357295502588197e-08,0.038140219885417215,1.5285649698827068,5184.0,518400.0,0.8571428571428571,67367.22377489503,59436.50001157408,5135313601.0
281,4FGL J1222.5+0414,5.9166147817857115e-06,866.4764015629539,122.5419332364343,1464480.0,146448000.0,242.14285714285714,14122.48758782174,54890.00001157408,4742496001.0
282,4FGL J1222.5+0414,7.132933859187793e-07,15.437951410117325,14.773371885615347,216432.0,21643200.0,35.785714285714285,45033.11255712439,56606.00001157408,4890758401.0
283,4FGL J1222.5+0414,9.610250639432154e-07,37.11555678953813,19.904265119103496,386208.0,38620800.0,63.857142857142854,44648.997640024245,56882.00001157408,4914604801.0
284,4FGL J1222.5+0414,2.7062150558458845e-07,3.7878350893663675,5.604975766173018,139968.0,13996800.0,23.142857142857142,95452.07464342396,57384.50001157408,4958020801.0
285,4FGL J1222.5+0414,8.677562602519101e-07,53.756459015093526,17.97252882453059,619488.0,61948800.0,102.42857142857143,62625.26801205727,57560.00001157408,4973184001.0
286,4FGL J1222.5+0414,1.6871396507422069e-06,110.20126256303976,34.94318323346954,653184.0,65318400.0,108.0,33075.236425183975,58305.50001157408,5037595201.0
287,4FGL J1222.5+0414,1.6291762329775418e-06,117.8168118049903,33.74267423772766,723168.0,72316800.0,119.57142857142857,36040.123482661285,59070.50001157408,5103691201.0
288,4FGL J1159.5+2914,3.3330645793384576e-05,51.835820337871695,734.0199887992637,15552.0,1555200.0,2.5714285714285716,248.61975402636517,55359.50001157408,4783060801.0
289,4FGL J1159.5+2914,0.00014925022162025803,735.0274914354468,3286.844385827451,49248.0,4924800.0,8.142857142857142,99.7196210519364,55419.50001157408,4788244801.0
290,4FGL J1159.5+2914,5.51597598398849e-05,157.27150725547983,1214.748929583551,28512.0,2851200.0,4.714285714285714,202.96596594868547,55533.50001157408,4798094401.0
291,4FGL J1159.5+2914,4.007292302431673e-05,51.93450823951448,882.5009479804573,12960.0,1296000.0,2.142857142857143,190.64619324078643,57339.50001157408,4954132801.0
292,4FGL J1159.5+2914,6.155302507298056e-06,3.190908819783312,135.55438155836,5184.0,518400.0,0.8571428571428571,769.4140349060829,57402.50001157408,4959576001.0
293,4FGL J1159.5+2914,1.9560536060563153e-05,20.280363787591877,430.76946510685025,10368.0,1036800.0,1.7142857142857142,344.9675636124671,57444.50001157408,4963204801.0
294,4FGL J1159.5+2914,2.484330857326999e-05,32.1969279109579,547.10866371235,12960.0,1296000.0,2.142857142857143,303.76913342434193,57741.50001157408,4988865601.0
295,4FGL J1159.5+2914,1.3421097734984938e-05,10.436245598724287,295.56445051126946,7776.0,777600.0,1.2857142857142858,434.67303501076213,57879.50001157408,5000788801.0
296,4FGL J1159.5+2914,4.483217754026884e-05,58.10250209218841,987.3110368142408,12960.0,1296000.0,2.142857142857143,171.05165820377442,57942.50001157408,5006232001.0
297,4FGL J1159.5+2914,0.0005320846548834455,5516.653701831563,11717.767931616996,103680.0,10368000.0,17.142857142857142,41.456234201749425,58020.50001157408,5012971201.0
298,4FGL J1159.5+2914,3.705872849754706e-05,57.63373455938519,816.1212250523943,15552.0,1555200.0,2.5714285714285716,224.1716978292311,58161.50001157408,5025153601.0
299,4FGL J1159.5+2914,0.00017009575640012823,969.9540412960912,3745.9125749194222,57024.0,5702400.0,9.428571428571429,94.10716838125822,58200.50001157408,5028523201.0
300,4FGL J1159.5+2914,7.011968320169436e-06,3.6350043771758354,154.42019754844105,5184.0,518400.0,0.8571428571428571,676.6098427399539,58326.50001157408,5039409601.0
301,4FGL J1159.5+2914,2.403423530555813e-05,31.14836895600334,529.2909486106067,12960.0,1296000.0,2.142857142857143,313.7878556091611,59226.50001157408,5117169601.0
302,4FGL J1159.5+2914,1.3722517187661904e-05,10.670629365125896,302.2024228040758,7776.0,777600.0,1.2857142857142858,425.30007703750925,59295.50001157408,5123131201.0
303,4FGL J1159.5+2914,0.00040320404259146236,3344.3356108706253,8879.510725998138,82944.0,8294400.0,13.714285714285714,48.8004636179481,59313.50001157408,5124686401.0
304,4FGL J1159.5+2914,0.0005923526812371189,10747.647048366285,13045.013023215473,181440.0,18144000.0,30.0,48.34311052197773,59457.50001157408,5137128001.0
305,4FGL J1159.5+2914,0.00020230004529140416,1310.904293488299,4455.127509361358,64800.0,6480000.0,10.714285714285714,84.46987775272135,59688.50001157408,5157086401.0
306,4FGL J1159.5+2914,0.0009014345336847686,15771.49860134871,19851.729559044157,174960.0,17496000.0,28.928571428571427,31.794005011295496,59790.50001157408,5165899201.0
307,4FGL J1129.8-1447,7.785562011908765e-06,18.162159061380766,168.72752998343276,23328.0,2332800.0,3.857142857142857,1299.1334915096418,59085.50001157408,5104987201.0
308,4FGL J1129.8-1447,2.701930261202271e-06,1.4006806474072573,58.555826600934246,5184.0,518400.0,0.8571428571428571,1768.2247019521935,59190.50001157408,5114059201.0
309,4FGL J1129.8-1447,8.115797932722376e-06,18.93253341745476,175.88435323465802,23328.0,2332800.0,3.857142857142857,1246.4608781774214,59340.50001157408,5127019201.0
310,4FGL J1129.8-1447,1.6536813913469454e-05,60.00879032919796,358.38334614090303,36288.0,3628800.0,6.0,763.8424275723564,59670.50001157408,5155531201.0
311,4FGL J1129.8-1447,1.3189422534313306e-05,23.93088824625806,285.83918318530124,18144.0,1814400.0,3.0,679.1646108963075,59718.50001157408,5159678401.0
312,4FGL J1129.8-1447,1.0344890398214248e-05,21.451164729737066,224.1929101804288,20736.0,2073600.0,3.4285714285714284,923.4466299685689,59751.50001157408,5162529601.0
313,4FGL J1129.8-1447,5.924232276413868e-06,6.1422440241858975,128.3890716583447,10368.0,1036800.0,1.7142857142857142,1141.1111239599963,59793.50001157408,5166158401.0
314,4FGL J1129.8-1447,2.812759437657142e-05,58.3253796992585,609.5769985873183,20736.0,2073600.0,3.4285714285714284,342.737335125644,59871.50001157408,5172897601.0
315,4FGL J1129.8-1447,3.40743427384953e-06,2.6496208913453945,73.84540354673373,7776.0,777600.0,1.2857142857142858,1715.706992184726,59925.50001157408,5177563201.0
316,4FGL J1129.8-1447,1.234381843404815e-05,22.396624166736963,267.51337819352744,18144.0,1814400.0,3.0,725.3293907337357,59946.50001157408,5179377601.0
317,4FGL J1044.6+8053,0.030835958603409225,3648658.634556676,679490.7989052678,1183248.0,118324800.0,195.64285714285714,2.872291000502279,54875.00001157408,4741200001.0
318,4FGL J1044.6+8053,0.043698530257170194,7770088.10326374,962926.0960334721,1778112.0,177811200.0,294.0,2.4586721204782673,56247.50001157408,4859784001.0
319,4FGL J1044.6+8053,0.016224990939335108,399524.1768901877,357528.4361155113,246240.0,24624000.0,40.714285714285715,3.1078543033577817,58563.50001157408,5059886401.0
320,4FGL J1044.6+8053,0.015228048608890519,951253.5580612859,335560.15067030455,624672.0,62467200.0,103.28571428571429,4.175935462983255,58946.00001157408,5092934401.0
321,4FGL J1044.6+8053,0.005809036699946698,56463.8367234819,128005.97636294665,97200.0,9720000.0,16.071428571428573,5.3014631450679754,59675.00001157408,5155920001.0
322,4FGL J1044.6+8053,0.0032120251859580713,14986.024707605977,70779.10525762575,46656.0,4665600.0,7.714285714285714,6.923567647456514,59843.00001157408,5170435201.0
323,4FGL J0805.4+6147,2.8986389898148665e-07,2.066149871940037,5.901352417057767,71280.0,7128000.0,11.785714285714286,64697.32275770401,59717.00001157408,5159548801.0
324,4FGL J0746.4+2546,0.012775185912462335,2812973.2961394466,282710.8993560115,2201904.0,220190400.0,364.07142857142856,7.973023201559395,54707.00001157408,4726684801.0
325,4FGL J0746.4+2546,0.0098412992631435,1104524.4449799422,217784.89836307146,1122336.0,112233600.0,185.57142857142858,7.60116685158832,57291.50001157408,4949985601.0
326,4FGL J0746.4+2546,0.003059775522104583,134825.94860601635,67711.88267701438,440640.0,44064000.0,72.85714285714286,15.05751714777964,58671.50001157408,5069217601.0
327,4FGL J0746.4+2546,0.005312538594617314,221698.61059969405,117564.83030768654,417312.0,41731200.0,69.0,8.89581021352227,59192.00001157408,5114188801.0
328,4FGL J0635.6-7518,7.234308079745793e-05,25886.20629219886,1564.946242050317,3578256.0,357825600.0,591.6428571428571,1728.8896178855198,54701.00001157408,4726166401.0
329,4FGL J0635.6-7518,1.2720347346850582e-05,1106.1817578378816,275.1701967706087,869616.0,86961600.0,143.78571428571428,4846.9339812631015,58857.50001157408,5085288001.0
330,4FGL J0539.9-2839,2.364606700016745e-07,7.538744496725386,4.802944918068753,318816.0,31881600.0,52.714285714285715,168113.17759175008,55028.00001157408,4754419201.0
331,4FGL J0539.9-2839,1.3915564922446654e-07,1.064039756229961,2.826503529142824,76464.0,7646400.0,12.642857142857142,139901.71511752275,55524.50001157408,4797316801.0
332,4FGL J0539.9-2839,2.000434633768317e-07,5.081424039312928,4.063245426022953,254016.0,25401600.0,42.0,177376.87211494218,55815.50001157408,4822459201.0
333,4FGL J0539.9-2839,1.451029653531471e-07,0.6017710179125716,2.947304302380049,41472.0,4147200.0,6.857142857142857,98810.70111287369,56280.50001157408,4862635201.0
334,4FGL J0539.9-2839,1.566280556374639e-07,0.9540528124989202,3.1813997813912147,60912.0,6091200.0,10.071428571428571,110938.05859222876,56346.50001157408,4868337601.0
335,4FGL J0539.9-2839,2.512308007367859e-07,5.7630335842612785,5.1029530519918795,229392.0,22939200.0,37.92857142857143,134217.27871447266,57872.00001157408,5000140801.0
336,4FGL J0539.9-2839,2.05557722505851e-07,0.6127264592454407,4.175250026451641,29808.0,2980800.0,4.928571428571429,59135.78725347258,59199.50001157408,5114836801.0
337,4FGL J0539.9-2839,7.048031539952723e-07,8.586193943232006,14.315829887044009,121824.0,12182400.0,20.142857142857142,34866.74872642484,59256.50001157408,5119761601.0
338,4FGL J0539.9-2839,3.117779433827509e-07,2.990075188217934,6.332775292929293,95904.0,9590400.0,15.857142857142858,69931.79217302945,59403.50001157408,5132462401.0
339,4FGL J0539.9-2839,1.421581777554509e-07,0.2579317977194901,2.887490327282006,18144.0,1814400.0,3.0,66713.93733989808,59712.50001157408,5159160001.0
340,4FGL J0539.9-2839,1.8586806425458833e-07,0.3854160180383144,3.775317369423549,20736.0,2073600.0,3.4285714285714284,54548.72385410395,59928.50001157408,5177822401.0
341,4FGL J0405.6-1308,4.040740495296901e-07,5.132063688266689,8.603065109817114,127008.0,12700800.0,21.0,59239.730567544044,54687.50001157408,4725000001.0
342,4FGL J0405.6-1308,8.149153750521735e-07,24.502223564768713,17.35021102870837,300672.0,30067200.0,49.714285714285715,45194.99048692636,54851.00001157408,4739126401.0
343,4FGL J0405.6-1308,1.970651070929398e-05,6997.86077891313,419.5676384481783,3551040.0,355104000.0,587.1428571428571,6422.993632229962,55220.00001157408,4771008001.0
344,4FGL J0405.6-1308,6.748733656573083e-06,274.6356669140477,143.68602765728042,406944.0,40694400.0,67.28571428571429,6349.879470131581,59346.50001157408,5127537601.0
345,4FGL J0217.4+7352,1.024823780452348e-06,22.446100368979508,21.54249515995337,219024.0,21902400.0,36.214285714285715,31067.56698176223,55305.50001157408,4778395201.0
346,4FGL J0217.4+7352,9.32079203694927e-06,2388.1658790735123,195.92940871676817,2562192.0,256219200.0,423.64285714285717,11683.120324904654,55584.50001157408,4802500801.0
347,4FGL J0304.5+3349,2.7793120568107435e-05,10892.412999095211,603.0449250891478,3919104.0,391910400.0,648.0,4694.757616517294,54686.00001157408,4724870401.0
348,4FGL J0304.5+3349,7.259632496354514e-06,466.6607922776623,157.51684033503122,642816.0,64281600.0,106.28571428571429,7279.567686398782,59249.00001157408,5119113601.0
349,4FGL J0522.9-3628,6.566315134552095e-07,1.0211933297255418,14.099058089560259,15552.0,1555200.0,2.5714285714285716,12654.233166984024,54714.50001157408,4727332801.0
350,4FGL J0522.9-3628,4.816259862793817e-06,56.80104231784516,103.41375061734604,117936.0,11793600.0,19.5,4750.849468836002,54797.00001157408,4734460801.0
351,4FGL J0522.9-3628,7.634002785917545e-06,122.68147837080932,163.91575263903047,160704.0,16070400.0,26.571428571428573,3499.0493102674377,55041.50001157408,4755585601.0
352,4FGL J0522.9-3628,6.936361868416872e-06,68.32038985915882,148.93614898014047,98496.0,9849600.0,16.285714285714285,3015.59708836404,55269.50001157408,4775284801.0
353,4FGL J0522.9-3628,2.340855266813237e-05,691.6946410801097,502.62367415760923,295488.0,29548800.0,48.857142857142854,1547.8614133621656,55392.50001157408,4785912001.0
354,4FGL J0522.9-3628,1.5652604029715997e-05,430.05842623725295,336.0895250162319,274752.0,27475200.0,45.42857142857143,2231.603090230157,55740.50001157408,4815979201.0
355,4FGL J0522.9-3628,1.0469183725424242e-05,146.53507076801804,224.79218019606031,139968.0,13996800.0,23.142857142857142,2381.86795074443,56094.50001157408,4846564801.0
356,4FGL J0522.9-3628,2.377583337181226e-06,3.6976176059842425,51.050985060550616,15552.0,1555200.0,2.5714285714285716,3498.941446498653,56259.50001157408,4860820801.0
357,4FGL J0522.9-3628,2.8148566307568938e-06,14.592216773843738,60.440028139972064,51840.0,5184000.0,8.571428571428571,5390.100956251059,56280.50001157408,4862635201.0
358,4FGL J0522.9-3628,5.685154127393429e-06,50.102126293892816,122.07047125783556,88128.0,8812800.0,14.571428571428571,3480.029670346525,56379.50001157408,4871188801.0
359,4FGL J0522.9-3628,1.3553547905934456e-06,2.810463693774569,29.10190195409233,20736.0,2073600.0,3.4285714285714284,7080.789725992719,56517.50001157408,4883112001.0
360,4FGL J0522.9-3628,2.6835303280658514e-06,20.519346300522727,57.620216522060005,76464.0,7646400.0,12.642857142857142,6865.200572084387,56732.00001157408,4901644801.0
361,4FGL J0522.9-3628,1.59444803453123e-05,566.194874854178,342.3566338043936,355104.0,35510400.0,58.714285714285715,2490.2578822472765,56972.00001157408,4922380801.0
362,4FGL J0522.9-3628,1.4881362656861007e-05,528.4431404901972,319.529587373677,355104.0,35510400.0,58.714285714285715,2668.075080365032,57453.50001157408,4963982401.0
363,4FGL J0522.9-3628,1.5104930053108854e-06,5.28551712418385,32.4329980961313,34992.0,3499200.0,5.785714285714286,8251.530277158014,57879.50001157408,5000788801.0
364,4FGL J0522.9-3628,1.862981460610742e-06,6.277502329673956,40.001558400252385,33696.0,3369600.0,5.571428571428571,6566.076380366896,57948.50001157408,5006750401.0
365,4FGL J0522.9-3628,1.3748973951605649e-05,461.50355924917585,295.2151677818639,335664.0,33566400.0,55.5,2807.6350101220237,57998.00001157408,5011027201.0
366,4FGL J0522.9-3628,1.2629573562001056e-05,278.25476471800727,271.1796306577564,220320.0,22032000.0,36.42857142857143,2476.69794688937,58404.50001157408,5046148801.0
367,4FGL J0522.9-3628,8.558337916396804e-06,110.91605939650259,183.76288825741145,129600.0,12960000.0,21.428571428571427,2803.4215674062225,58662.50001157408,5068440001.0
368,4FGL J0522.9-3628,5.534706137772099e-06,102.57360191010275,118.84008267357918,185328.0,18532800.0,30.642857142857142,5181.825823775873,58829.00001157408,5082825601.0
369,4FGL J0522.9-3628,8.144154961755823e-07,1.2665789796522655,17.48696362316888,15552.0,1555200.0,2.5714285714285716,10203.725857612962,59310.50001157408,5124427201.0
370,4FGL J0522.9-3628,2.564831554479718e-06,19.944130167634285,55.071540636639504,77760.0,7776000.0,12.857142857142858,7243.370030488775,59349.50001157408,5127796801.0
371,4FGL J0522.9-3628,2.7687962150694673e-06,13.27693161050111,59.45102827764576,47952.0,4795200.0,7.928571428571429,5270.466808198549,59451.50001157408,5136609601.0
372,4FGL J0522.9-3628,9.899501769519971e-06,277.1226927352343,212.56008529308465,279936.0,27993600.0,46.285714285714285,3560.80768929058,59523.50001157408,5142830401.0
373,4FGL J0433.0+0522,0.0018012147994565775,56024.98512229739,39934.14566931575,311040.0,31104000.0,51.42857142857143,21.21432424606692,56175.50001157408,4853563201.0
374,4FGL J0433.0+0522,0.001015410038389402,6579.857048763324,22512.324681854483,64800.0,6480000.0,10.714285714285714,18.769533098717968,56787.50001157408,4906440001.0
375,4FGL J0433.0+0522,0.0010981022503465472,5977.190169086326,24345.666734679537,54432.0,5443200.0,9.0,16.486023764554943,56883.50001157408,4914734401.0
376,4FGL J0433.0+0522,0.002168983551252153,36824.13513973855,48087.82668018567,169776.0,16977600.0,28.071428571428573,13.880127375333437,56963.00001157408,4921603201.0
377,4FGL J0433.0+0522,0.0030871759130667643,78019.10967502327,68444.76997213518,252720.0,25272000.0,41.785714285714285,11.840218554201583,57188.00001157408,4941043201.0
378,4FGL J0433.0+0522,0.009765973106886311,1360595.373251401,216518.20358720067,1393200.0,139320000.0,230.35714285714286,8.379469990497341,57836.00001157408,4997030401.0
379,4FGL J0319.8+4130,4.413143504144027e-06,52.618792628610066,93.52272192727685,119232.0,11923200.0,19.714285714285715,5281.844022844058,54861.50001157408,4740033601.0
380,4FGL J0319.8+4130,1.4988130081195942e-07,0.07769846634091977,3.1762636326629505,5184.0,518400.0,0.8571428571428571,32425.374321368723,55119.50001157408,4762324801.0
381,4FGL J0319.8+4130,2.8761006372024644e-07,0.2981941140651515,6.094992376191066,10368.0,1036800.0,1.7142857142857142,23896.70272185425,55152.50001157408,4765176001.0
382,4FGL J0319.8+4130,1.3778446204034553e-05,378.56556514509015,291.99091117699845,274752.0,27475200.0,45.42857142857143,2568.4302997448594,55263.50001157408,4774766401.0
383,4FGL J0319.8+4130,2.844706580951311e-06,20.645742481912233,60.284625298312356,72576.0,7257600.0,12.0,6393.023229234967,55614.50001157408,4805092801.0
384,4FGL J0319.8+4130,3.1305646537904444e-05,1882.546271168961,663.4248972798648,601344.0,60134400.0,99.42857142857143,1672.419395123537,55710.50001157408,4813387201.0
385,4FGL J0319.8+4130,3.213014559909402e-05,1290.8607295892014,680.8975664456252,401760.0,40176000.0,66.42857142857143,1332.31006848057,56415.50001157408,4874299201.0
386,4FGL J0319.8+4130,5.523379112793697e-05,3665.049257052483,1170.5068017382005,663552.0,66355200.0,109.71428571428571,996.0526325806588,56886.50001157408,4914993601.0
387,4FGL J0319.8+4130,9.418049777949924e-05,12095.940379613094,1995.859979747706,1284336.0,128433600.0,212.35714285714286,812.6105955173873,57657.50001157408,4981608001.0
388,4FGL J0319.8+4130,1.1897385243269864e-05,391.6428863920547,252.1277295250404,329184.0,32918400.0,54.42857142857143,3255.3750964444516,59229.50001157408,5117428801.0
389,4FGL J0319.8+4130,1.865156326783258e-05,611.5623776763089,395.26132865802884,327888.0,32788800.0,54.214285714285715,2072.889162301053,59613.50001157408,5150606401.0
390,4FGL J0312.9+4119,1.8474287429907793e-06,337.59173877916305,38.363269438585675,1827360.0,182736000.0,302.14285714285717,50389.151022684855,54711.50001157408,4727073601.0
391,4FGL J0324.8+3412,0.028689454181361335,2439108.5398093057,634150.2843892182,850176.0,85017600.0,140.57142857142858,2.74731549060699,54722.00001157408,4727980801.0
392,4FGL J0324.8+3412,0.0120272749905926,414623.4671156931,265850.29493752884,344736.0,34473600.0,57.0,4.203126074163338,55710.50001157408,4813387201.0
393,4FGL J0324.8+3412,0.0008193226878860535,424.73688140013013,18110.268401935326,5184.0,518400.0,0.8571428571428571,12.051349686203794,56265.50001157408,4861339201.0
394,4FGL J0324.8+3412,0.010674543516525812,62253.937788378535,235949.58495682062,58320.0,5832000.0,9.642857142857142,3.2876797605881984,56274.50001157408,4862116801.0
395,4FGL J0324.8+3412,0.07219251727141895,9487136.341713158,1595739.8516206818,1314144.0,131414400.0,217.28571428571428,1.5286630688430078,56450.00001157408,4877280001.0
396,4FGL J0324.8+3412,0.027292997195972127,4276441.475846967,603283.0678564897,1566864.0,156686400.0,259.07142857142856,3.4918813973914387,58161.50001157408,5025153601.0
397,4FGL J1829.5+4845,2.3778836144605786e-06,308.173716434091,49.41611863766438,1296000.0,129600000.0,214.28571428571428,32944.14090987389,54683.00001157408,4724611201.0
398,4FGL J1829.5+4845,1.0640802434768657e-06,67.57335178175488,22.11324188950095,635040.0,63504000.0,105.0,51533.74723988204,56238.50001157408,4859006401.0
399,4FGL J1829.5+4845,1.2471383924547494e-06,134.96032827788315,25.91747484374267,1082160.0,108216000.0,178.92857142857142,57397.67368134805,57047.00001157408,4928860801.0
400,4FGL J1829.5+4845,7.886083906891844e-07,41.290273563060595,16.388508485430908,523584.0,52358400.0,86.57142857142857,63138.838331439714,58356.50001157408,5042001601.0
401,4FGL J1829.5+4845,1.192119601878024e-06,56.237526946834656,24.774098832441528,471744.0,47174400.0,78.0,39646.30956088997,58973.00001157408,5095267201.0
402,4FGL J2009.4-4849,3.668568607254506e-05,5629.286459362178,803.3665127152343,1534464.0,153446400.0,253.71428571428572,2205.5368687635855,54782.00001157408,4733164801.0
403,4FGL J2009.4-4849,5.9154137122356995e-06,187.82621619090793,129.53949602766653,317520.0,31752000.0,52.5,6221.683998940727,56565.50001157408,4887259201.0
404,4FGL J2009.4-4849,1.2591053073757061e-05,1116.151527197498,275.72689738646335,886464.0,88646400.0,146.57142857142858,4883.767566864752,56967.50001157408,4921992001.0
405,4FGL J2009.4-4849,2.78367053707802e-05,3668.966845326017,609.5858988430167,1318032.0,131803200.0,217.92857142857142,2693.794793817974,57999.50001157408,5011156801.0
406,4FGL J0507.9+6737,8.942610938027436e-05,40239.173749173315,1979.7489753516354,4499712.0,449971200.0,744.0,1532.546947433984,54686.00001157408,4724870401.0
407,4FGL J0325.5-5635,3.8228366035954206e-05,5702.5100702368745,843.4485308350659,1491696.0,149169600.0,246.64285714285714,2071.2873874318984,55508.00001157408,4795891201.0
408,4FGL J0325.5-5635,0.00010032697278049334,22767.159802288243,2213.556229822905,2269296.0,226929600.0,375.2142857142857,973.6497641061204,57366.50001157408,4956465601.0
409,4FGL J0608.9-5456,0.00013860310838519177,1652.5925818983185,3074.841922776153,119232.0,11923200.0,19.714285714285715,162.6442147369981,57006.50001157408,4925361601.0
410,4FGL J0923.5+3852,1.063581977413764e-06,186.4978234411306,22.008824064770415,1753488.0,175348800.0,289.92857142857144,86038.59767184396,54728.00001157408,4728499201.0
411,4FGL J0923.5+3852,6.752916845586138e-07,61.26246162315744,13.973888419953056,907200.0,90720000.0,150.0,97470.59829542838,56762.00001157408,4904236801.0
412,4FGL J1849.2+6705,5.0725300712315895e-06,190.64597019716805,105.96412966911099,375840.0,37584000.0,62.142857142857146,8274.46408967911,54683.00001157408,4724611201.0
413,4FGL J1849.2+6705,1.3263144696794286e-06,14.266899487447677,27.706441652105603,107568.0,10756800.0,17.785714285714285,16929.83616629072,55686.50001157408,4811313601.0
414,4FGL J1849.2+6705,4.1815394688717383e-07,5.3108896486246175,8.735151576705174,127008.0,12700800.0,21.0,58343.981747549245,56169.50001157408,4853044801.0
415,4FGL J1849.2+6705,2.2184977401689224e-06,91.43050366603376,46.343970150740304,412128.0,41212800.0,68.14285714285714,19809.945438322113,56511.50001157408,4882593601.0
416,4FGL J1849.2+6705,4.263901079333856e-06,138.7029965502986,89.07203319094265,325296.0,32529600.0,53.785714285714285,9157.849118166678,57072.50001157408,4931064001.0
417,4FGL J1849.2+6705,5.7547362413872e-07,3.95281322948404,12.021527891027956,68688.0,6868800.0,11.357142857142858,31178.470440274123,57624.50001157408,4978756801.0
418,4FGL J0224.9+1843,1.8922889595275105e-05,7484.744612203439,404.56346530644566,3955392.0,395539200.0,654.0,7030.178486191145,55331.00001157408,4780598401.0
419,4FGL J0336.4+3224,1.7732566798191771e-06,35.391366118503065,37.75208596457246,199584.0,19958400.0,33.0,16923.84408938556,55137.50001157408,4763880001.0
420,4FGL J0336.4+3224,4.918473932469699e-06,200.1543455974949,104.71278796030775,406944.0,40694400.0,67.28571428571429,8712.835359739049,55377.50001157408,4784616001.0
421,4FGL J0336.4+3224,6.292592736464674e-07,4.974672113739513,13.396735206506202,79056.0,7905600.0,13.071428571428571,30015.202432903316,55859.00001157408,4826217601.0
422,4FGL J0336.4+3224,2.986722151571293e-06,77.41583816872792,63.58639034136342,259200.0,25920000.0,42.857142857142854,11450.97925488349,55970.00001157408,4835808001.0
423,4FGL J0336.4+3224,2.509685619684748e-06,123.27174214192333,53.430430200353946,491184.0,49118400.0,81.21428571428571,18758.28336140115,56295.50001157408,4863931201.0
424,4FGL J0336.4+3224,1.5446858361985325e-05,3587.4278159342302,328.85883437005305,2322432.0,232243200.0,384.0,6627.180111610068,56910.50001157408,4917067201.0
425,4FGL J0336.4+3224,9.68371345232152e-07,30.49672510112712,20.616326269562283,314928.0,31492800.0,52.07142857142857,38926.433173056845,59616.50001157408,5150865601.0
426,4FGL J2056.2-4714,1.632139399483798e-06,12.268465438039813,34.40836353292162,75168.0,7516800.0,12.428571428571429,11396.930346081137,54855.50001157408,4739515201.0
427,4FGL J2056.2-4714,1.0978258743622672e-05,310.16654863182265,231.44096510905536,282528.0,28252800.0,46.714285714285715,3285.521874430588,54951.50001157408,4747809601.0
428,4FGL J2056.2-4714,6.835035369146855e-07,2.214551459603581,14.409454352757127,32400.0,3240000.0,5.357142857142857,17867.24360891839,55400.00001157408,4786560001.0
429,4FGL J2056.2-4714,1.0604548063194058e-06,4.260483229868845,22.356248796893478,40176.0,4017600.0,6.642857142857143,12824.52388358403,55646.00001157408,4807814401.0
430,4FGL J2056.2-4714,1.4325638163345398e-06,7.055090282684342,30.20095991319014,49248.0,4924800.0,8.142857142857142,10510.967971695005,55704.50001157408,4812868801.0
431,4FGL J2056.2-4714,8.581973564312999e-07,2.0020027930829363,18.092306718666165,23328.0,2332800.0,3.857142857142857,12076.725496064051,55821.50001157408,4822977601.0
432,4FGL J2056.2-4714,3.902637579111677e-06,64.2342924421149,82.27445070058718,164592.0,16459200.0,27.214285714285715,7053.163077104232,55979.00001157408,4836585601.0
433,4FGL J2056.2-4714,3.1166643838835136e-06,43.62332804834077,65.70475607946851,139968.0,13996800.0,23.142857142857142,8144.332943059328,56298.50001157408,4864190401.0
434,4FGL J2056.2-4714,5.915006085125452e-07,1.4565110984012912,12.469871123802896,24624.0,2462400.0,4.071428571428571,17999.618965988382,56870.00001157408,4913568001.0
435,4FGL J2056.2-4714,5.798009648643217e-06,120.22752807426575,122.2322209861483,207360.0,20736000.0,34.285714285714285,5328.939507413888,56901.50001157408,4916289601.0
436,4FGL J2056.2-4714,2.7755830821108834e-06,46.763023767404164,58.51416351771389,168480.0,16848000.0,27.857142857142858,10032.856876871305,57219.50001157408,4943764801.0
437,4FGL J2056.2-4714,3.983317070172015e-07,1.1873471522768742,8.397531599367014,29808.0,2980800.0,4.928571428571429,29404.3765577541,57420.50001157408,4961131201.0
438,4FGL J2056.2-4714,4.227664928600372e-07,0.8218580621199123,8.91265977677348,19440.0,1944000.0,3.2142857142857144,22375.686672762673,57627.50001157408,4979016001.0
439,4FGL J2056.2-4714,4.223940113685305e-07,0.9853607497205079,8.904807213093504,23328.0,2332800.0,3.857142857142857,24532.01057812206,58005.50001157408,5011675201.0
440,4FGL J2056.2-4714,4.955866244495854e-07,1.0276484244586603,10.447835976208912,20736.0,2073600.0,3.4285714285714284,19714.309292755515,58041.50001157408,5014785601.0
441,4FGL J2056.2-4714,4.463967186812183e-06,135.376054494141,94.108264166312,303264.0,30326400.0,50.142857142857146,8369.241083354873,58074.50001157408,5017636801.0
442,4FGL J2056.2-4714,1.3006979187113588e-05,401.1976716306812,274.2099531920481,308448.0,30844800.0,51.0,2897.588838306585,58431.50001157408,5048481601.0
443,4FGL J2056.2-4714,7.092047598286438e-07,2.757388106213767,14.951281246675512,38880.0,3888000.0,6.428571428571429,18862.71671116997,58791.50001157408,5079585601.0
444,4FGL J2056.2-4714,3.832089584620319e-06,35.75799433200912,80.78717513959961,93312.0,9331200.0,15.428571428571429,5409.414778227237,58842.50001157408,5083992001.0
445,4FGL J2056.2-4714,6.286034898815217e-06,114.0538172041033,132.52064991965366,181440.0,18144000.0,30.0,4598.090784009237,58962.50001157408,5094360001.0
446,4FGL J2056.2-4714,6.205541648500633e-07,1.8497478545850687,13.082371090841075,29808.0,2980800.0,4.928571428571429,18876.056759983196,59433.50001157408,5135054401.0
447,4FGL J2148.6+0652,3.47253971217746e-05,9279.84844491686,754.1318181135694,2672352.0,267235200.0,441.85714285714283,3100.2511247442294,54692.00001157408,4725388801.0
448,4FGL J2148.6+0652,2.501281662530074e-05,4632.333618499097,543.2036043138961,1851984.0,185198400.0,306.2142857142857,3583.073290359843,57801.50001157408,4994049601.0
449,4FGL J0836.5-2026,1.635172350884345e-06,295.8379979977571,33.71802692062693,1809216.0,180921600.0,299.14285714285717,57045.72988767237,54701.00001157408,4726166401.0
450,4FGL J0836.5-2026,6.677755750053459e-07,92.86140568070341,13.769848054726515,1390608.0,139060800.0,229.92857142857142,122464.83491684851,56810.00001157408,4908384001.0
451,4FGL J0836.5-2026,7.108913982698624e-07,93.23710351836347,14.65891671391203,1311552.0,131155200.0,216.85714285714286,111719.5928041468,58463.00001157408,5051203201.0
452,4FGL J1740.5+5211,6.104542032630175e-06,722.3187151025589,128.36562534207414,1183248.0,118324800.0,195.64285714285714,12118.49651443549,54686.00001157408,4724870401.0
453,4FGL J1740.5+5211,3.5826251947649347e-07,6.082437750664115,7.533504086532216,169776.0,16977600.0,28.071428571428573,78214.41352379984,56063.00001157408,4843843201.0
454,4FGL J1740.5+5211,6.278808396645314e-06,499.6324108780129,132.03007890358967,795744.0,79574400.0,131.57142857142858,9662.419019352525,56765.00001157408,4904496001.0
455,4FGL J1740.5+5211,1.6757149427168506e-06,118.1419251774005,35.2367459126541,705024.0,70502400.0,116.57142857142857,34076.34808901529,57696.50001157408,4984977601.0
456,4FGL J1740.5+5211,1.0544903113728083e-06,18.859348320840404,22.17370402447837,178848.0,17884800.0,29.571428571428573,27275.12537549245,58545.50001157408,5058331201.0
457,4FGL J1740.5+5211,6.789364704751789e-06,397.71555291259597,142.76599970028715,585792.0,58579200.0,96.85714285714286,7667.183904766101,58814.00001157408,5081529601.0
458,4FGL J1740.5+5211,1.5440083618157792e-06,22.611693657119723,32.46723469810881,146448.0,14644800.0,24.214285714285715,16857.011974515764,59510.00001157408,5141664001.0
459,4FGL J1459.0+7140,1.7576968042657299e-06,212.30727543620557,37.73213562864052,1207872.0,120787200.0,199.71428571428572,41652.578430054586,55562.00001157408,4800556801.0
460,4FGL J1459.0+7140,9.312493611566248e-06,2323.2809062135475,199.90949015763485,2494800.0,249480000.0,412.5,11298.944958020817,56982.50001157408,4923288001.0
461,4FGL J0721.9+7120,1.8912739719599254e-08,0.1201034623153431,0.3625655588956514,63504.0,6350400.0,10.5,993919.637055437,54683.00001157408,4724611201.0
462,4FGL J0721.9+7120,7.49019394835614e-09,0.017473124442725203,0.14359032035471345,23328.0,2332800.0,3.857142857142857,1521076.1715897569,54795.50001157408,4734331201.0
463,4FGL J0721.9+7120,9.529980386533471e-08,1.8526281871421066,1.8269392569958758,194400.0,19440000.0,32.142857142857146,345113.6210645534,54933.50001157408,4746254401.0
464,4FGL J0721.9+7120,9.84271750742317e-09,0.0357172532909372,0.1886892341902599,36288.0,3628800.0,6.0,1443682.0647502209,55203.50001157408,4769582401.0
465,4FGL J0721.9+7120,3.325925919165898e-08,0.2241407995444282,0.6375946624371291,67392.0,6739200.0,11.142857142857142,582234.0387664443,55248.50001157408,4773470401.0
466,4FGL J0721.9+7120,6.139160976694316e-08,0.811547967831175,1.1769042262866354,132192.0,13219200.0,21.857142857142858,441773.2701113708,55335.50001157408,4780987201.0
467,4FGL J0721.9+7120,1.8788979331084748e-08,0.10714227573757766,0.36019301768289397,57024.0,5702400.0,9.428571428571429,948049.3794438478,55500.50001157408,4795243201.0
468,4FGL J0721.9+7120,3.4301536898409396e-08,0.3022925843783023,0.657575585607178,88128.0,8812800.0,14.571428571428571,645578.3156826501,55569.50001157408,4801204801.0
469,4FGL J0721.9+7120,3.354175573065949e-08,0.21735057713467348,0.6430102456401624,64800.0,6480000.0,10.714285714285714,566119.0929635224,55686.50001157408,4811313601.0
470,4FGL J0721.9+7120,5.965788815044865e-08,0.6185329843438516,1.1436680185148762,103680.0,10368000.0,17.142857142857142,402611.2910615017,55764.50001157408,4818052801.0
471,4FGL J0721.9+7120,2.0543094507251864e-07,6.442971816498416,3.9382017898492925,313632.0,31363200.0,51.857142857142854,203353.18675957475,55887.50001157408,4828680001.0
472,4FGL J0721.9+7120,7.544002812927665e-09,0.013687838703775957,0.14462186001243407,18144.0,1814400.0,3.0,1331896.0904048819,56262.50001157408,4861080001.0
473,4FGL J0721.9+7120,2.143260884748372e-08,0.16110463418476562,0.4108725610667091,75168.0,7516800.0,12.428571428571429,954215.7548356636,56286.50001157408,4863153601.0
474,4FGL J0721.9+7120,4.619491023465336e-08,0.33526418051902024,0.8855767961531714,72576.0,7257600.0,12.0,435019.7482318071,56382.50001157408,4871448001.0
475,4FGL J0721.9+7120,1.3715502917229467e-07,3.6972606903917127,2.6293223797538774,269568.0,26956800.0,44.57142857142857,282376.4576169558,56709.50001157408,4899700801.0
476,4FGL J0721.9+7120,1.0601099644694229e-07,1.5937269161847516,2.032277541261746,150336.0,15033600.0,24.857142857142858,272827.064665126,57024.50001157408,4926916801.0
477,4FGL J0721.9+7120,5.300711248940829e-09,0.010991554845803702,0.1016169716820605,20736.0,2073600.0,3.4285714285714284,2026438.1150833538,57204.50001157408,4942468801.0
478,4FGL J0721.9+7120,1.0034815153943513e-07,2.4319575221885184,1.9237183076832263,242352.0,24235200.0,40.07142857142857,365948.17616370326,57279.50001157408,4948948801.0
479,4FGL J0721.9+7120,3.131675918062697e-09,0.004058651989809255,0.06003560807934139,12960.0,1296000.0,2.142857142857143,2711631.250434177,57654.50001157408,4981348801.0
480,4FGL J0721.9+7120,2.3242577625076077e-07,11.717606054216354,4.455704605334584,504144.0,50414400.0,83.35714285714286,227876.1465815674,57839.00001157408,4997289601.0
481,4FGL J0721.9+7120,1.5126748008346824e-08,0.05097109008892546,0.289986428578427,33696.0,3369600.0,5.571428571428571,905210.1347147471,58428.50001157408,5048222401.0
482,4FGL J0721.9+7120,3.018677302462496e-09,0.002347323470394837,0.05786937479812805,7776.0,777600.0,1.2857142857142858,2179048.9635960357,58470.50001157408,5051851201.0
483,4FGL J0721.9+7120,2.7735779243392045e-08,0.18691696347706768,0.5317071165721053,67392.0,6739200.0,11.142857142857142,698183.2896303663,58521.50001157408,5056257601.0
484,4FGL J0721.9+7120,6.30101804132546e-09,0.011432567134180914,0.12079329391908723,18144.0,1814400.0,3.0,1594634.5794874656,58605.50001157408,5063515201.0
485,4FGL J0721.9+7120,9.244362933387823e-09,0.023961388723341238,0.17721851319640639,25920.0,2592000.0,4.285714285714286,1299110.0187618525,58629.50001157408,5065588801.0
486,4FGL J0721.9+7120,4.831659376470854e-08,0.5385174274639355,0.9262504048570964,111456.0,11145600.0,18.428571428571427,515419.8706648948,58662.50001157408,5068440001.0
487,4FGL J0721.9+7120,4.4004889446592315e-08,0.3649941550258153,0.8435931320839415,82944.0,8294400.0,13.714285714285714,488199.9137598607,58797.50001157408,5080104001.0
488,4FGL J0721.9+7120,7.653772896653574e-08,0.9720903880581772,1.4672620091418418,127008.0,12700800.0,21.0,347333.29145331285,58896.50001157408,5088657601.0
489,4FGL J0721.9+7120,2.1555831147352515e-08,0.1396817858348443,0.4132347868828894,64800.0,6480000.0,10.714285714285714,880902.9229766411,59070.50001157408,5103691201.0
490,4FGL J0721.9+7120,5.6230263477242585e-09,0.010202419005310895,0.10779589423180713,18144.0,1814400.0,3.0,1786905.6686704983,59148.50001157408,5110430401.0
491,4FGL J0721.9+7120,2.8330367196907388e-08,0.279042784742659,0.5431056297899183,98496.0,9849600.0,16.285714285714285,826346.5667185974,59223.50001157408,5116910401.0
492,4FGL J0721.9+7120,5.084022951311301e-08,0.7774894618981347,0.9746296148041947,152928.0,15292800.0,25.285714285714285,573774.604390292,59343.50001157408,5127278401.0
493,4FGL J0721.9+7120,2.711482494623665e-08,0.33735180605109794,0.5198031489220089,124416.0,12441600.0,20.571428571428573,970367.3064586743,59532.50001157408,5143608001.0
494,4FGL J0721.9+7120,4.794369833322788e-09,0.011184305947175401,0.09191018350290925,23328.0,2332800.0,3.857142857142857,2376358.7940776213,59688.50001157408,5157086401.0
495,4FGL J0721.9+7120,1.7493261872202453e-09,0.0018137013909099503,0.03353535427249808,10368.0,1036800.0,1.7142857142857142,4341915.182484807,59880.50001157408,5173675201.0
496,4FGL J0721.9+7120,5.459447399426825e-09,0.011320710127451464,0.1046600136723364,20736.0,2073600.0,3.4285714285714284,1967518.56262955,59901.50001157408,5175489601.0
497,4FGL J2202.7+4216,7.303408646073843e-07,0.757217408424936,15.33318838534079,10368.0,1036800.0,1.7142857142857142,9503.245771571435,55698.50001157408,4812350401.0
498,4FGL J2202.7+4216,2.0264304280503755e-07,0.10505015339013146,4.2544024316353495,5184.0,518400.0,0.8571428571428571,24210.74206549132,55743.50001157408,4816238401.0
499,4FGL J2202.7+4216,6.914050834570712e-07,0.7168487905282914,14.515748616816968,10368.0,1036800.0,1.7142857142857142,10038.016338598984,55863.50001157408,4826606401.0
500,4FGL J2202.7+4216,3.6428552818663955e-07,0.2832684267179309,7.648016016113036,7776.0,777600.0,1.2857142857142858,16496.00740770738,55914.50001157408,4831012801.0
501,4FGL J2202.7+4216,4.4540173891645805e-07,0.34634439218143775,9.351015533870997,7776.0,777600.0,1.2857142857142858,13493.243512371038,55980.50001157408,4836715201.0
502,4FGL J2202.7+4216,1.0117403738301001e-06,1.7045801818289528,21.241048530581143,16848.0,1684800.0,2.7857142857142856,8743.953880277153,56013.50001157408,4839566401.0
503,4FGL J2202.7+4216,4.1619990305372344e-07,0.3236370446145753,8.737935707478133,7776.0,777600.0,1.2857142857142858,14439.40145421952,56055.50001157408,4843195201.0
504,4FGL J2202.7+4216,3.8640813111295367e-07,0.2003139751689552,8.112470430047026,5184.0,518400.0,0.8571428571428571,12701.498357833341,56160.50001157408,4852267201.0
505,4FGL J2202.7+4216,3.0676676057822274e-07,0.15902788868375067,6.440434539884661,5184.0,518400.0,0.8571428571428571,15996.426421658407,56292.50001157408,4863672001.0
506,4FGL J2202.7+4216,2.545574176721214e-07,0.16495320665153468,5.344322123000445,6480.0,648000.0,1.0714285714285714,21548.14701775542,56301.50001157408,4864449601.0
507,4FGL J2202.7+4216,4.0499111757105755e-07,0.31492109302325433,8.502612137751578,7776.0,777600.0,1.2857142857142858,14838.81100399748,56613.50001157408,4891406401.0
508,4FGL J2202.7+4216,3.981183622619493e-06,21.670378694642423,83.58321633156085,54432.0,5443200.0,9.0,3994.6367187303545,57057.50001157408,4929768001.0
509,4FGL J2202.7+4216,8.397740070828849e-07,1.0883471131794187,17.630689552934264,12960.0,1296000.0,2.142857142857143,9239.839868119703,57183.50001157408,4940654401.0
510,4FGL J2202.7+4216,3.341987882068523e-07,0.25987297770964835,7.016358013162809,7776.0,777600.0,1.2857142857142858,17980.35524727952,57237.50001157408,4945320001.0
511,4FGL J2202.7+4216,4.7489854281821027e-07,0.4923748091939204,9.970288085782986,10368.0,1036800.0,1.7142857142857142,14611.154793227392,57297.50001157408,4950504001.0
512,4FGL J2202.7+4216,6.374259323168648e-07,0.8261040082826568,13.382479846818033,12960.0,1296000.0,2.142857142857143,12170.994060296578,57366.50001157408,4956465601.0
513,4FGL J2202.7+4216,2.598668423744368e-07,0.13471497108690803,5.455791182344603,5184.0,518400.0,0.8571428571428571,18881.617962835324,57528.50001157408,4970462401.0
514,4FGL J2202.7+4216,2.1178705201458074e-07,0.10979040776435865,4.4463769227280645,5184.0,518400.0,0.8571428571428571,23165.860051704745,57648.50001157408,4980830401.0
515,4FGL J2202.7+4216,3.5396164682102625e-07,0.18349371771202,7.43127062294384,5184.0,518400.0,0.8571428571428571,13864.892754638488,57663.50001157408,4982126401.0
516,4FGL J2202.7+4216,2.8965861431520644e-07,0.22523853849150452,6.081256459775709,7776.0,777600.0,1.2857142857142858,20743.90902488829,57702.50001157408,4985496001.0
517,4FGL J2202.7+4216,2.2889519827759699e-07,0.11865927078710628,4.805555002837016,5184.0,518400.0,0.8571428571428571,21435.133031614,57915.50001157408,5003899201.0
518,4FGL J2202.7+4216,7.669169014455569e-07,0.9939243042734418,16.101086349711654,12960.0,1296000.0,2.142857142857143,10117.028383147517,58008.50001157408,5011934401.0
519,4FGL J2202.7+4216,7.188371110857008e-07,0.9316128959670683,15.091672090095114,12960.0,1296000.0,2.142857142857143,10793.29120564418,58092.50001157408,5019192001.0
520,4FGL J2202.7+4216,4.055810536490926e-07,0.3153798273175344,8.514997588789818,7776.0,777600.0,1.2857142857142858,14817.239066292908,58119.50001157408,5021524801.0
521,4FGL J2202.7+4216,3.828685146447434e-07,0.29771855698775246,8.038157723817587,7776.0,777600.0,1.2857142857142858,15695.747081489173,58158.50001157408,5024894401.0
522,4FGL J2202.7+4216,1.4217459480644557e-06,2.5796158481681486,29.84893700215776,18144.0,1814400.0,3.0,6458.484549905731,58170.50001157408,5025931201.0
523,4FGL J2202.7+4216,1.0586402920338861e-06,2.743995636951833,22.2256918881212,25920.0,2592000.0,4.285714285714286,10362.972952024553,58281.50001157408,5035521601.0
524,4FGL J2202.7+4216,2.050027871171777e-07,0.10627344484154493,4.3039442357883075,5184.0,518400.0,0.8571428571428571,23932.171526141366,58584.50001157408,5061700801.0
525,4FGL J2202.7+4216,2.0798196431125467e-06,5.390892514947721,43.66490763531417,25920.0,2592000.0,4.285714285714286,5276.992650745835,58596.50001157408,5062737601.0
526,4FGL J2202.7+4216,3.274145233094493e-07,0.1697316888836185,6.873925326223052,5184.0,518400.0,0.8571428571428571,14988.268622974863,58680.50001157408,5069995201.0
527,4FGL J2202.7+4216,8.341696143415518e-07,1.0810838201866513,17.513027768070984,12960.0,1296000.0,2.142857142857143,9301.87583213998,58827.50001157408,5082696001.0
528,4FGL J2202.7+4216,2.4889403132298496e-06,7.096466621080947,52.25421793033344,28512.0,2851200.0,4.714285714285714,4625.153279973616,58845.50001157408,5084251201.0
529,4FGL J2202.7+4216,3.4835725407969333e-07,0.27088260077236953,7.3136088380805635,7776.0,777600.0,1.2857142857142858,17249.89967204721,58884.50001157408,5087620801.0
530,4FGL J2202.7+4216,1.8338162985719333e-06,3.3272762921289156,38.500174552368215,18144.0,1814400.0,3.0,5008.413057728744,58917.50001157408,5090472001.0
531,4FGL J2202.7+4216,4.138401587415832e-07,0.32180210743745513,8.688393903325174,7776.0,777600.0,1.2857142857142858,14521.689680754005,58959.50001157408,5094100801.0
532,4FGL J2202.7+4216,2.7815486079352316e-07,0.1441954798353624,5.839740164530035,5184.0,518400.0,0.8571428571428571,17640.84918832315,58986.50001157408,5096433601.0
533,4FGL J2202.7+4216,1.88779544971214e-07,0.09786331611307733,3.9633443322367157,5184.0,518400.0,0.8571428571428571,25987.989449594672,59001.50001157408,5097729601.0
534,4FGL J2202.7+4216,1.006135981088767e-05,65.19761157455211,211.2338674571787,64800.0,6480000.0,10.714285714285714,1726.1029360021237,59061.50001157408,5102913601.0
535,4FGL J2202.7+4216,1.9379400163451188e-07,0.10046281044733096,4.0686206660617525,5184.0,518400.0,0.8571428571428571,25315.802133686164,59172.50001157408,5112504001.0
536,4FGL J2202.7+4216,2.613092360852325e-05,413.1612593590828,548.6073610133099,158112.0,15811200.0,26.142857142857142,1038.2667906858346,59184.50001157408,5113540801.0
537,4FGL J2202.7+4216,2.0190267302710353e-05,256.43254695826363,423.88586905823576,127008.0,12700800.0,21.0,1204.2763392485122,59382.50001157408,5130648001.0
538,4FGL J2202.7+4216,1.6285185434157384e-06,3.7990080580802346,34.190037591060786,23328.0,2332800.0,3.857142857142857,6392.83117230386,59538.50001157408,5144126401.0
539,4FGL J2202.7+4216,1.5792293840959103e-05,233.32166612386618,331.5523315681586,147744.0,14774400.0,24.428571428571427,1659.6848579931514,59583.50001157408,5148014401.0
540,4FGL J2202.7+4216,3.810987064106383e-07,0.29634235410491233,8.00100137070287,7776.0,777600.0,1.2857142857142858,15768.599912734027,59769.50001157408,5164084801.0
541,4FGL J2202.7+4216,4.483514193066333e-07,0.2324253757685587,9.4129427890622,5184.0,518400.0,0.8571428571428571,10948.056911273246,59832.50001157408,5169528001.0
542,4FGL J2202.7+4216,1.813434007075823e-05,197.41767974630238,380.7225721899704,108864.0,10886400.0,18.0,1241.4454599969924,59850.50001157408,5171083201.0
543,4FGL J2232.6+1143,4.9152530781201665e-08,0.025480671956974944,0.9810594872580353,5184.0,518400.0,0.8571428571428571,104957.69455595492,55716.50001157408,4813905601.0
544,4FGL J2232.6+1143,3.186812435264724e-07,0.4130108916103082,6.360715356947702,12960.0,1296000.0,2.142857142857143,25599.950514571294,56187.50001157408,4854600001.0
545,4FGL J2232.6+1143,6.076549135038668e-08,0.03150083071604045,1.212848267214604,5184.0,518400.0,0.8571428571428571,84901.01056844892,56385.50001157408,4871707201.0
546,4FGL J2232.6+1143,4.67219111271862e-08,0.024220638728333327,0.932545556569451,5184.0,518400.0,0.8571428571428571,110417.40486954077,56949.50001157408,4920436801.0
547,4FGL J2232.6+1143,1.108362562231053e-06,4.022026065824045,22.12235239399438,36288.0,3628800.0,6.0,12317.387023698919,57408.50001157408,4960094401.0
548,4FGL J2232.6+1143,2.6088650953099346e-07,0.405730699622601,5.207161893908034,15552.0,1555200.0,2.5714285714285716,34253.17035866145,57462.50001157408,4964760001.0
549,4FGL J2232.6+1143,5.5364114341463415e-08,0.028700756874614635,1.1050395323510835,5184.0,518400.0,0.8571428571428571,93183.06726335167,57540.50001157408,4971499201.0
550,4FGL J2232.6+1143,8.993292719857229e-08,0.06993184418960981,1.7950154354776144,7776.0,777600.0,1.2857142857142858,70258.05075893112,57549.50001157408,4972276801.0
551,4FGL J2232.6+1143,3.3515544340368836e-07,0.43436145465118015,6.6895319982814385,12960.0,1296000.0,2.142857142857143,24341.92153868375,57618.50001157408,4978238401.0
552,4FGL J2232.6+1143,1.5501952015609758e-07,0.16072423849784198,3.094110690583034,10368.0,1036800.0,1.7142857142857142,47066.5622712708,57648.50001157408,4980830401.0
553,4FGL J2232.6+1143,4.410224327785842e-06,33.15077422710062,88.02583201606438,75168.0,7516800.0,12.428571428571429,4456.526966797386,57696.50001157408,4984977601.0
554,4FGL J2232.6+1143,8.366732986822129e-07,1.3011943141105775,16.699573030359304,15552.0,1555200.0,2.5714285714285716,10684.564845766467,57786.50001157408,4992753601.0
555,4FGL J2232.6+1143,3.370459253568114e-07,0.5241738231149131,6.727265055483671,15552.0,1555200.0,2.5714285714285716,26514.566568662245,57828.50001157408,4996382401.0
556,4FGL J2232.6+1143,2.014713624328376e-07,0.15666413142777452,4.021265810409309,7776.0,777600.0,1.2857142857142858,31366.325723888036,57855.50001157408,4998715201.0
557,4FGL J2232.6+1143,5.5364114341463415e-08,0.028700756874614635,1.1050395323510835,5184.0,518400.0,0.8571428571428571,93183.06726335167,57870.50001157408,5000011201.0
558,4FGL J2232.6+1143,2.7357974550196313e-07,0.28364748013643537,5.460512420837305,10368.0,1036800.0,1.7142857142857142,26672.54565634128,57879.50001157408,5000788801.0
559,4FGL J2232.6+1143,4.8342324229863183e-08,0.025060660880761074,0.9648881770285074,5184.0,518400.0,0.8571428571428571,106716.5956442039,57900.50001157408,5002603201.0
560,4FGL J2232.6+1143,4.40752363928138e-07,1.0281871145715604,8.797192764863262,23328.0,2332800.0,3.857142857142857,24832.04891671194,57942.50001157408,5006232001.0
561,4FGL J2232.6+1143,2.263447035589292e-06,14.667136790618613,45.1772503445582,64800.0,6480000.0,10.714285714285714,8060.371962961997,58083.50001157408,5018414401.0
562,4FGL J1337.6-1257,2.80600689971593e-05,3687.497131220291,606.3028171844164,1314144.0,131414400.0,217.28571428571428,2704.38233853784,54683.00001157408,4724611201.0
563,4FGL J1337.6-1257,1.3428456621261245e-05,699.6118472024139,290.1529244540938,520992.0,52099200.0,86.14285714285714,3558.324193262155,56211.50001157408,4856673601.0
564,4FGL J1337.6-1257,6.181385500699623e-05,13915.238332670959,1335.6315850671992,2251152.0,225115200.0,372.2142857142857,1606.8693399290535,56819.00001157408,4909161601.0
565,4FGL J1337.6-1257,1.4255419315862724e-05,692.8133787509283,308.02136987716284,486000.0,48600000.0,80.35714285714286,3237.508415686621,59427.50001157408,5134536001.0
566,4FGL J0428.6-3756,9.164688992324957e-06,589.120871929036,189.58309736362617,642816.0,64281600.0,106.28571428571429,6048.445823637469,54684.50001157408,4724740801.0
567,4FGL J0428.6-3756,1.2671673018167564e-06,20.035435642485098,26.212946468507006,158112.0,15811200.0,26.142857142857142,21693.948769001156,55434.50001157408,4789540801.0
568,4FGL J0428.6-3756,6.748589702089195e-07,6.996937803126078,13.960305031952531,103680.0,10368000.0,17.142857142857142,32985.10421092525,55995.50001157408,4838011201.0
569,4FGL J0428.6-3756,7.610053477262736e-06,331.3843446994922,157.4235100100544,435456.0,43545600.0,72.0,5995.384945765298,56172.50001157408,4853304001.0
570,4FGL J0428.6-3756,8.211265932921863e-06,506.54971089557654,169.8603444310481,616896.0,61689600.0,102.0,6613.171672533341,56694.50001157408,4898404801.0
571,4FGL J0428.6-3756,5.875644652105262e-06,216.26132732324712,121.54508604569179,368064.0,36806400.0,60.857142857142854,7138.9115168030385,57507.50001157408,4968648001.0
572,4FGL J0428.6-3756,5.173800595376433e-07,2.8162031400752996,10.70265606213883,54432.0,5443200.0,9.0,31175.56308915354,57936.50001157408,5005713601.0
573,4FGL J0428.6-3756,1.8582756902140054e-07,0.5779980706841642,3.84407655733147,31104.0,3110400.0,5.142857142857143,65611.34880352307,58002.50001157408,5011416001.0
574,4FGL J0428.6-3756,3.320297406568171e-07,1.4630558492301988,6.868452023115739,44064.0,4406400.0,7.285714285714286,43707.19874280732,58161.50001157408,5025153601.0
575,4FGL J0428.6-3756,5.556555208117165e-08,0.07201295549719845,1.1494432030470898,12960.0,1296000.0,2.142857142857143,141634.89991224295,58251.50001157408,5032929601.0
576,4FGL J0428.6-3756,1.5511993140500824e-07,0.6031062933026721,3.20885052217514,38880.0,3888000.0,6.428571428571429,87875.45761694419,58299.50001157408,5037076801.0
577,4FGL J0428.6-3756,8.352695603151532e-07,10.39208976161701,17.27859947137486,124416.0,12441600.0,20.571428571428573,29194.145759209136,58644.50001157408,5066884801.0
578,4FGL J0428.6-3756,2.7816865336341143e-08,0.01442026299035925,0.575426781402715,5184.0,518400.0,0.8571428571428571,178937.99433189028,58791.50001157408,5079585601.0
579,4FGL J0428.6-3756,5.814542998393426e-07,4.37067568103237,12.028112163026748,75168.0,7516800.0,12.428571428571429,32597.914031237844,58941.50001157408,5092545601.0
580,4FGL J0428.6-3756,5.296112988546519e-07,3.8437069625675218,10.955674602785024,72576.0,7257600.0,12.0,35166.26171827395,59031.50001157408,5100321601.0
581,4FGL J0428.6-3756,2.0630841791119683e-07,0.8021271288387333,4.267748628736803,38880.0,3888000.0,6.428571428571429,66073.02165721793,59133.50001157408,5109134401.0
582,4FGL J0428.6-3756,8.166431691144467e-07,11.430391109461087,16.893289185396373,139968.0,13996800.0,23.142857142857142,31671.04593867976,59238.50001157408,5118206401.0
