,Name,Class,Photon Flux (ph/cm2/s),Fluence (ph/cm2),Photon Count,Background Counts,Duration (s),Duration (weeks),MDP99,Start Time (MJD),Start Time (s)
0,4FGL J0538.8-4405,BLL,7.456987034087236e-09,1.0981815321255863,0.2988156170434155,1472688.0,147268800.0,243.5,5807485.90222435,54683.00001157408,4724611201.0
1,4FGL J0538.8-4405,BLL,1.7678907749139938e-10,0.0017107525450687736,0.007084273720156063,96768.0,9676800.0,16.0,62792330.6458514,56415.50001157408,4874299201.0
2,4FGL J0538.8-4405,BLL,4.760877003956267e-10,0.012669265012768102,0.019077737336834925,266112.0,26611200.0,44.0,38667083.60368885,56800.50001157408,4907563201.0
3,4FGL J0538.8-4405,BLL,6.913004438301038e-11,0.00029266895589991277,0.0027701720244544406,42336.0,4233600.0,7.0,106214601.4514488,57444.50001157408,4963204801.0
4,4FGL J0538.8-4405,BLL,5.340248054595597e-10,0.01857124663466165,0.02139938704874265,347760.0,34776000.0,57.5,39407104.954268076,57500.50001157408,4968043201.0
5,4FGL J0538.8-4405,BLL,1.7536626245049702e-09,0.1060615155300606,0.07027258822256628,604800.0,60480000.0,100.0,15825447.682851052,58473.50001157408,5052110401.0
6,4FGL J0538.8-4405,BLL,7.454938027231562e-11,0.0003606997215095719,0.00298733509451555,48384.0,4838400.0,8.0,105293847.34564655,59194.50001157408,5114404801.0
7,4FGL J0538.8-4405,BLL,7.567920648245345e-11,0.00032039548856411496,0.0030326093741395977,42336.0,4233600.0,7.0,97022953.54963818,59271.50001157408,5121057601.0
8,4FGL J0538.8-4405,BLL,1.6968457708527835e-09,0.08107393345472931,0.06799582910994681,477792.0,47779200.0,79.0,14536947.819104994,59334.50001157408,5126500801.0
9,4FGL J1104.4+3812,BLL,8.54254037681863e-06,98.16403997809824,434.8467414122504,114912.0,11491200.0,19.0,1116.8701419572412,54903.50001157408,4743662401.0
10,4FGL J1104.4+3812,BLL,4.9159171987611864e-05,2824.4893857202273,2502.3827581015685,574560.0,57456000.0,95.0,434.1038932165543,55043.50001157408,4755758401.0
11,4FGL J1104.4+3812,BLL,1.1987432814879374e-06,2.899999746575618,61.02044435861199,24192.0,2419200.0,4.0,3649.585882607972,55729.50001157408,4815028801.0
12,4FGL J1104.4+3812,BLL,0.00011708921646172516,11188.858182336118,5960.27200188156,955584.0,95558400.0,158.0,235.26352531314726,55764.50001157408,4818052801.0
13,4FGL J1104.4+3812,BLL,6.15877171596162e-05,3948.314641842403,3135.0414439424835,641088.0,64108800.0,106.0,366.10939855761825,56891.50001157408,4915425601.0
14,4FGL J1104.4+3812,BLL,1.8006005054139937e-05,413.8212105562657,916.5719186874031,229824.0,22982400.0,38.0,749.4306872312399,57696.50001157408,4984977601.0
15,4FGL J1104.4+3812,BLL,3.397477579131546e-05,1561.6437742926569,1729.4411136944877,459648.0,45964800.0,76.0,561.6405245794542,57969.50001157408,5008564801.0
16,4FGL J1104.4+3812,BLL,1.720149414317808e-05,416.1385463117641,875.6193527490906,241920.0,24192000.0,40.0,804.7131700901707,58522.50001157408,5056344001.0
17,4FGL J1104.4+3812,BLL,2.120926105120783e-05,513.0944433508198,1079.629436801584,241920.0,24192000.0,40.0,652.9262448731539,58809.50001157408,5081140801.0
18,4FGL J1104.4+3812,BLL,6.336412255785266e-05,4886.134218681134,3225.467015818789,771120.0,77112000.0,127.5,390.1313158680219,59096.50001157408,5105937601.0
19,4FGL J1653.8+3945,BLL,3.5439905112636334e-05,1596.8370686031228,1826.4511339458627,450576.0,45057600.0,74.5,526.6116405603261,54683.00001157408,4724611201.0
20,4FGL J1653.8+3945,BLL,3.096209645100846e-05,1488.7071367188084,1595.6802365173949,480816.0,48081600.0,79.5,622.4422710746103,55236.00001157408,4772390401.0
21,4FGL J1653.8+3945,BLL,8.407143802946096e-05,7423.575235151826,4332.753511425689,883008.0,88300800.0,146.0,310.89752779715724,55806.50001157408,4821681601.0
22,4FGL J1653.8+3945,BLL,9.151441732213546e-05,8772.645256033762,4716.339131247051,958608.0,95860800.0,158.5,297.5892770279879,56835.50001157408,4910587201.0
23,4FGL J1653.8+3945,BLL,0.0001025874893017648,13587.836063005909,5287.007275227126,1324512.0,132451200.0,219.0,311.9026981214163,57955.50001157408,5007355201.0
24,4FGL J1653.8+3945,BLL,2.8149529377645467e-05,1055.5397927911986,1450.7301779854656,374976.0,37497600.0,62.0,604.7691369122074,59495.50001157408,5140411201.0
25,4FGL J0136.5+3906,BLL,1.7232599003306038e-06,7.295593114039645,88.78165777855925,42336.0,4233600.0,7.0,3317.589098313513,58865.50001157408,5085979201.0
26,4FGL J0156.9-5301,BLL,4.8677765351878656e-05,21461.98780143102,2517.913527598677,4408992.0,440899200.0,729.0,1192.8582982251096,54795.00001157408,4734288001.0
27,4FGL J1136.4+6736,BLL,9.26243727187311e-05,41902.377023975845,4792.72575199282,4523904.0,452390400.0,748.0,634.9508046851294,54746.00001157408,4730054401.0
28,4FGL J1221.3+3010,BLL,2.099981779932365e-06,80.01434577169495,106.61265896686139,381024.0,38102400.0,63.0,8280.645240235594,54868.50001157408,4740638401.0
29,4FGL J1221.3+3010,BLL,7.976797947402758e-06,1546.2097512478347,404.96905608457234,1938384.0,193838400.0,320.5,4916.765184762878,55337.50001157408,4781160001.0
30,4FGL J1221.3+3010,BLL,5.527648230797257e-07,8.692116289964071,28.062970895763822,157248.0,15724800.0,26.0,20208.482665723743,57605.50001157408,4977115201.0
31,4FGL J1221.3+3010,BLL,1.5885296157503516e-06,43.71379337806447,80.64706456082024,275184.0,27518400.0,45.5,9302.992950762055,57854.00001157408,4998585601.0
32,4FGL J1221.3+3010,BLL,9.922635034197509e-07,11.402298370497041,50.37560397250693,114912.0,11491200.0,19.0,9624.84260318831,58179.50001157408,5026708801.0
33,4FGL J1221.3+3010,BLL,1.1230748646930686e-06,15.962038436909646,57.01668399600706,142128.0,14212800.0,23.5,9457.165697510647,58382.50001157408,5044248001.0
34,4FGL J1221.3+3010,BLL,4.863823983185152e-07,1.912066484269747,24.692843173661295,39312.0,3931200.0,6.5,11485.86907683292,58575.00001157408,5060880001.0
35,4FGL J1221.3+3010,BLL,6.48630450119076e-07,6.080521291596266,32.929912837764746,93744.0,9374400.0,15.5,13298.21841206664,58631.00001157408,5065718401.0
36,4FGL J1221.3+3010,BLL,3.2337465664330293e-06,111.47888563258567,164.17205290394818,344736.0,34473600.0,57.0,5115.446112832776,58753.50001157408,5076302401.0
37,4FGL J1221.3+3010,BLL,1.4816665733827137e-06,27.33141427924689,75.22180173188788,184464.0,18446400.0,30.5,8166.512823503937,59173.50001157408,5112590401.0
38,4FGL J1221.3+3010,BLL,2.170651026129109e-06,108.30680359973802,110.20042163995528,498960.0,49896000.0,82.5,9167.134443933377,59397.50001157408,5131944001.0
39,4FGL J1800.6+7828,BLL,4.989504826188548e-08,0.06035305037757668,2.4182102403583614,12096.0,1209600.0,2.0,65043.85574316766,55197.50001157408,4769064001.0
40,4FGL J1800.6+7828,BLL,5.6927236271949874e-08,0.06885918499455057,2.7590318178585327,12096.0,1209600.0,2.0,57009.829492315075,55974.50001157408,4836196801.0
41,4FGL J1800.6+7828,BLL,4.688125340042931e-08,0.07088445514144912,2.2721438500011453,15120.0,1512000.0,2.5,77394.2576604473,56846.00001157408,4911494401.0
42,4FGL J1800.6+7828,BLL,7.953069773287116e-08,0.09620033197768095,3.8545297455376564,12096.0,1209600.0,2.0,40808.88326847323,57248.50001157408,4946270401.0
43,4FGL J1800.6+7828,BLL,5.960616503768869e-08,0.07209961722958824,2.88886860928717,12096.0,1209600.0,2.0,54447.88211359996,57339.50001157408,4954132801.0
44,4FGL J1800.6+7828,BLL,3.1611359435718046e-07,0.5735565056016683,15.32074138857915,18144.0,1814400.0,3.0,12577.83969657728,58942.50001157408,5092632001.0
45,4FGL J1800.6+7828,BLL,2.935101328962592e-07,0.8875746418782878,14.225243460900028,30240.0,3024000.0,5.0,17485.14940080415,58977.50001157408,5095656001.0
46,4FGL J1800.6+7828,BLL,3.9983011828651853e-07,1.2090862776984321,19.378141120724052,30240.0,3024000.0,5.0,12836.715689442999,59068.50001157408,5103518401.0
47,4FGL J1800.6+7828,BLL,1.2155639274539884e-07,0.22055191899725166,5.891344411074396,18144.0,1814400.0,3.0,32700.81973936755,59152.50001157408,5110776001.0
48,4FGL J1800.6+7828,BLL,2.1180280554122527e-07,0.5123933471653321,10.265221322326601,24192.0,2419200.0,4.0,21671.837121585446,59201.50001157408,5115009601.0
49,4FGL J1800.6+7828,BLL,6.447846673037617e-07,3.5096919010678356,31.25009273698004,54432.0,5443200.0,9.0,10679.14551101106,59264.50001157408,5120452801.0
50,4FGL J1800.6+7828,BLL,7.318498521902733e-07,2.2131139530233863,35.46978845841073,30240.0,3024000.0,5.0,7014.922616168901,59649.50001157408,5153716801.0
51,4FGL J1800.6+7828,BLL,8.321422478576202e-08,0.10065592630085775,4.033055333752032,12096.0,1209600.0,2.0,39002.74155504411,59733.50001157408,5160974401.0
52,4FGL J2000.0+6508,BLL,2.4553728933420286e-06,37.8677429102781,125.08616810263966,154224.0,15422400.0,25.5,4491.36944588526,54683.00001157408,4724611201.0
53,4FGL J2000.0+6508,BLL,9.211027549927744e-06,598.8641671861022,469.2452798646301,650160.0,65016000.0,107.5,2458.1190640591776,54868.50001157408,4740638401.0
54,4FGL J2000.0+6508,BLL,5.0244898043464405e-06,118.51364591308037,255.96689529345952,235872.0,23587200.0,39.0,2714.725676299755,55649.00001157408,4808073601.0
55,4FGL J2000.0+6508,BLL,2.4998619621601327e-06,30.238330294288964,127.35261290864086,120960.0,12096000.0,20.0,3907.3073082387355,55953.50001157408,4834382401.0
56,4FGL J2000.0+6508,BLL,4.20826010782113e-06,94.17076138877812,214.3850055093121,223776.0,22377600.0,37.0,3156.8672441596464,56100.50001157408,4847083201.0
57,4FGL J2000.0+6508,BLL,1.6193304927957792e-06,13.71119514860042,82.49494273755,84672.0,8467200.0,14.0,5046.497729169265,56436.50001157408,4876113601.0
58,4FGL J2000.0+6508,BLL,1.0594425737462124e-05,538.2307296254357,539.7209207369543,508032.0,50803200.0,84.0,1889.4825642632902,56541.50001157408,4885185601.0
59,4FGL J2000.0+6508,BLL,3.651833444293294e-05,2760.7860838857305,1860.3848455538116,756000.0,75600000.0,125.0,669.1567255905287,57143.50001157408,4937198401.0
60,4FGL J2000.0+6508,BLL,1.6405157636615434e-05,883.0437011376263,835.742021689792,538272.0,53827200.0,89.0,1256.3237863201543,58025.50001157408,5013403201.0
61,4FGL J2000.0+6508,BLL,2.2900979421794006e-06,26.315973473171926,116.66642445378598,114912.0,11491200.0,19.0,4157.12603827457,58669.50001157408,5069044801.0
62,4FGL J2000.0+6508,BLL,2.1641798533716213e-06,22.251231580425664,110.25167121346055,102816.0,10281600.0,17.0,4161.155397292868,58816.50001157408,5081745601.0
63,4FGL J2000.0+6508,BLL,1.0888035688615808e-06,4.609558789132389,55.467854440633864,42336.0,4233600.0,7.0,5308.03646438282,58963.50001157408,5094446401.0
64,4FGL J2000.0+6508,BLL,4.736847535126773e-06,103.13443401280821,241.3132883653227,217728.0,21772800.0,36.0,2766.6388913940027,59019.50001157408,5099284801.0
65,4FGL J2000.0+6508,BLL,5.125642013128045e-06,158.0994027665319,261.1199790576072,308448.0,30844800.0,51.0,3042.780785305653,59278.50001157408,5121662401.0
66,4FGL J2000.0+6508,BLL,3.497061613334537e-07,0.8460091454978912,17.815381037112335,24192.0,2419200.0,4.0,12489.258675998532,59642.50001157408,5153112001.0
67,4FGL J2000.0+6508,BLL,3.891227005076424e-06,69.42571573377153,198.23411613053065,178416.0,17841600.0,29.5,3048.706885166598,59681.00001157408,5156438401.0
68,4FGL J2253.9+1609,FSRQ,5.277045592183222e-06,19.149343044914477,254.4380649851875,36288.0,3628800.0,6.0,1074.3671310619923,55155.50001157408,4765435201.0
69,4FGL J2253.9+1609,FSRQ,4.559388080871855e-06,13.78758955655649,219.8354856990373,30240.0,3024000.0,5.0,1135.2774639103961,55274.50001157408,4775716801.0
70,4FGL J2253.9+1609,FSRQ,9.142051540488945e-07,1.1058225543375428,44.07932172127605,12096.0,1209600.0,2.0,3574.471976110034,55316.50001157408,4779345601.0
71,4FGL J2253.9+1609,FSRQ,2.2588755072249135e-05,177.60182788005162,1089.1395631527178,78624.0,7862400.0,13.0,370.69562509598967,55491.50001157408,4794465601.0
72,4FGL J2253.9+1609,FSRQ,2.0340094870140185e-06,3.690506813238235,98.07181480561137,18144.0,1814400.0,3.0,1969.377201882136,56814.50001157408,4908772801.0
73,4FGL J2253.9+1609,FSRQ,1.039633583953764e-06,1.8863111747257095,50.12697972263924,18144.0,1814400.0,3.0,3847.9561126220924,56863.50001157408,4913006401.0
74,4FGL J2229.7-0832,FSRQ,1.2177372456958777e-06,55.23656146476501,58.58214671167546,453600.0,45360000.0,75.0,16441.268465765093,54683.00001157408,4724611201.0
75,4FGL J2229.7-0832,FSRQ,1.837551326780601e-06,156.70049698360395,88.39977737083973,852768.0,85276800.0,141.0,14939.044555869425,55218.50001157408,4770878401.0
76,4FGL J2229.7-0832,FSRQ,2.436679070922576e-06,281.477368899949,117.22224258689167,1155168.0,115516800.0,191.0,13112.050731574629,56576.50001157408,4888209601.0
77,4FGL J2229.7-0832,FSRQ,4.629060146998311e-07,32.47600469209311,22.269194904493443,701568.0,70156800.0,116.0,53786.50183756019,57938.00001157408,5005843201.0
78,4FGL J2229.7-0832,FSRQ,8.295730743843768e-07,76.76404669431368,39.9085859641829,925344.0,92534400.0,153.0,34469.157538482825,58883.00001157408,5087491201.0
79,4FGL J2147.3-7536,FSRQ,4.4494477225768983e-07,4.036538973921762,21.245114713589984,90720.0,9072000.0,15.0,20275.861880490924,55253.50001157408,4773902401.0
80,4FGL J2147.3-7536,FSRQ,2.906821115150493e-07,1.758045410443018,13.879418726486783,60480.0,6048000.0,10.0,25340.809114216445,55442.50001157408,4790232001.0
81,4FGL J2147.3-7536,FSRQ,4.3391442427609194e-08,0.10497257752087216,2.07184403422724,24192.0,2419200.0,4.0,107357.7649005154,55617.50001157408,4805352001.0
82,4FGL J2147.3-7536,FSRQ,4.254226784402589e-07,5.917799626175378,20.312978528471298,139104.0,13910400.0,23.0,26258.139084416485,55687.50001157408,4811400001.0
83,4FGL J2147.3-7536,FSRQ,1.9708636467119693e-08,0.02383956667062798,0.941043178163027,12096.0,1209600.0,2.0,167133.79276694663,55876.50001157408,4827729601.0
84,4FGL J2147.3-7536,FSRQ,5.028540991610786e-08,0.12165046366904814,2.401015516300727,24192.0,2419200.0,4.0,92639.99184645676,55953.50001157408,4834382401.0
85,4FGL J2147.3-7536,FSRQ,2.098199281499533e-07,1.522789110541101,10.018430872048357,72576.0,7257600.0,12.0,38455.88575574433,56030.50001157408,4841035201.0
86,4FGL J2147.3-7536,FSRQ,2.6927025955077113e-08,0.032570930595261276,1.2857050829223249,12096.0,1209600.0,2.0,122331.59702224418,56163.50001157408,4852526401.0
87,4FGL J2147.3-7536,FSRQ,7.72440670161322e-07,22.89143374836481,36.88230915434919,296352.0,29635200.0,49.0,21108.087612442454,56212.50001157408,4856760001.0
88,4FGL J2147.3-7536,FSRQ,4.5986818423279286e-08,0.08343848334719793,2.1957674157137297,18144.0,1814400.0,3.0,87728.86231230616,56569.50001157408,4887604801.0
89,4FGL J2147.3-7536,FSRQ,2.8962774001680835e-07,1.2261680001351598,13.8290748527579,42336.0,4233600.0,7.0,21279.858757060018,56765.50001157408,4904539201.0
90,4FGL J2147.3-7536,FSRQ,4.990421406674382e-07,7.092786136878166,23.828142696448996,142128.0,14212800.0,23.5,22626.744345266292,56867.00001157408,4913308801.0
91,4FGL J1642.9+3948,FSRQ,2.864513623915116e-09,0.003464915679487724,0.13078445217153162,12096.0,1209600.0,2.0,1202550.0392187063,54721.50001157408,4727937601.0
92,4FGL J1642.9+3948,FSRQ,1.089474010099933e-08,0.026356555252337578,0.49741869047666204,24192.0,2419200.0,4.0,447151.08544732566,54966.50001157408,4749105601.0
93,4FGL J1642.9+3948,FSRQ,3.7034925095806304e-09,0.00447974453958873,0.16908952184520193,12096.0,1209600.0,2.0,930129.1729633518,55099.50001157408,4760596801.0
94,4FGL J1642.9+3948,FSRQ,3.1042218769624054e-09,0.0037548667823737256,0.14172875779258026,12096.0,1209600.0,2.0,1109689.5343398901,57962.50001157408,5007960001.0
95,4FGL J1642.9+3948,FSRQ,2.6224082883373526e-08,0.11102227729505015,1.1973070349427246,42336.0,4233600.0,7.0,245748.88469980587,59383.50001157408,5130734401.0
96,4FGL J1642.9+3948,FSRQ,2.2532575786445257e-09,0.002725540367128418,0.10287647283785749,12096.0,1209600.0,2.0,1528771.9564897078,59502.50001157408,5141016001.0
97,4FGL J1642.9+3948,FSRQ,3.092236464310041e-09,0.0037403692272294257,0.14118154251152787,12096.0,1209600.0,2.0,1113990.6313681968,59544.50001157408,5144644801.0
98,4FGL J1642.9+3948,FSRQ,4.566442220550874e-09,0.005523568509978338,0.2084890220809772,12096.0,1209600.0,2.0,754357.9593684972,59600.50001157408,5149483201.0
99,4FGL J1642.9+3948,FSRQ,2.7290784609433965e-08,0.09903279919071398,1.2460091949563912,36288.0,3628800.0,6.0,218626.98350634478,59656.50001157408,5154321601.0
100,4FGL J1642.9+3948,FSRQ,1.930849978295921e-08,0.06422779367803551,0.8815638177754705,33264.0,3326400.0,5.5,295852.51888081065,59772.00001157408,5164300801.0
101,4FGL J1642.9+3948,FSRQ,2.9196465221159924e-08,0.07063208866303008,1.3330164246437282,24192.0,2419200.0,4.0,166858.52056139236,59824.50001157408,5168836801.0
102,4FGL J1626.0-2950,FSRQ,2.6764775724646934e-07,15.216096176770478,12.634479513997068,568512.0,56851200.0,94.0,85340.13503626361,55078.50001157408,4758782401.0
103,4FGL J1626.0-2950,FSRQ,2.989241671907441e-07,22.14669369882785,14.110901976033318,740880.0,74088000.0,122.5,87228.68670205562,55750.50001157408,4816843201.0
104,4FGL J1626.0-2950,FSRQ,1.0032138107782578e-07,0.9101155691380355,4.735733439665887,90720.0,9072000.0,15.0,90951.87238759616,56632.50001157408,4893048001.0
105,4FGL J1626.0-2950,FSRQ,5.2739664991041254e-08,0.1913816963194905,2.4896088192914188,36288.0,3628800.0,6.0,109421.16576982557,56772.50001157408,4905144001.0
106,4FGL J1626.0-2950,FSRQ,1.4038128976533803e-07,1.1037338526509937,6.626786444750029,78624.0,7862400.0,13.0,60510.247741995816,56828.50001157408,4909982401.0
107,4FGL J1626.0-2950,FSRQ,1.6919232581910578e-08,0.030698255596618554,0.7986829392777239,18144.0,1814400.0,3.0,241178.00975158697,56926.50001157408,4918449601.0
108,4FGL J1626.0-2950,FSRQ,5.398202006919869e-07,22.853828016495957,25.482549665469552,423360.0,42336000.0,70.0,36514.145295754155,56975.50001157408,4922683201.0
109,4FGL J1626.0-2950,FSRQ,5.7187006126857745e-08,0.2766936104441885,2.699548334758706,48384.0,4838400.0,8.0,116521.99981450163,57479.50001157408,4966228801.0
110,4FGL J1626.0-2950,FSRQ,9.668616310594097e-08,1.374181098992118,4.5641307052839295,142128.0,14212800.0,23.5,118120.35945677853,57595.00001157408,4976208001.0
111,4FGL J1626.0-2950,FSRQ,8.85262589350081e-08,2.2487086189635015,4.1789373334265605,254016.0,25401600.0,42.0,172466.31641576107,57903.00001157408,5002819201.0
112,4FGL J1626.0-2950,FSRQ,3.7094208919225945e-07,52.048219926087015,17.510552955850326,1403136.0,140313600.0,232.0,96736.14364915268,58235.50001157408,5031547201.0
113,4FGL J1512.8-0906,FSRQ,1.240563601615392e-07,0.22508785987709673,5.840815368587748,18144.0,1814400.0,3.0,32983.66945050832,54707.50001157408,4726728001.0
114,4FGL J1512.8-0906,FSRQ,3.3925968494176485e-07,1.2311055447166763,15.973007584373992,36288.0,3628800.0,6.0,17057.933516520487,54833.50001157408,4737614401.0
115,4FGL J1512.8-0906,FSRQ,1.7404504278913166e-06,22.105112794562036,81.9438003360375,127008.0,12700800.0,21.0,6221.219574282858,54889.50001157408,4742452801.0
116,4FGL J1512.8-0906,FSRQ,5.296517376896827e-07,3.203333709547201,24.93703672644269,60480.0,6048000.0,10.0,14105.438743233126,55169.50001157408,4766644801.0
117,4FGL J1512.8-0906,FSRQ,1.7415273060177187e-07,0.6319654288077098,8.199450185833426,36288.0,3628800.0,6.0,33226.292357135215,55267.50001157408,4775112001.0
118,4FGL J1512.8-0906,FSRQ,1.248747875376049e-07,0.3776213575137172,5.879348525533293,30240.0,3024000.0,5.0,42299.958316457494,55393.50001157408,4785998401.0
119,4FGL J1512.8-0906,FSRQ,3.290939554285276e-08,0.039807204848634696,1.5494385213892499,12096.0,1209600.0,2.0,101510.36544695798,55652.50001157408,4808376001.0
120,4FGL J1512.8-0906,FSRQ,3.3004160817976153e-07,1.1976549877627187,15.539002553513654,36288.0,3628800.0,6.0,17534.257546781024,55729.50001157408,4815028801.0
121,4FGL J1512.8-0906,FSRQ,1.1328757889751671e-07,0.20554898315165432,5.333800145620063,18144.0,1814400.0,3.0,36118.49475111608,55778.50001157408,4819262401.0
122,4FGL J1512.8-0906,FSRQ,8.757172923903096e-07,3.7074367290636148,41.230477931732274,42336.0,4233600.0,7.0,7139.765593342618,55834.50001157408,4824100801.0
123,4FGL J1512.8-0906,FSRQ,1.4489179815116995e-06,14.020889523492414,68.21788421985629,96768.0,9676800.0,16.0,6523.140027576778,55932.50001157408,4832568001.0
124,4FGL J1512.8-0906,FSRQ,6.245893133133051e-08,0.11332548500756608,2.940688293212582,18144.0,1814400.0,3.0,65507.15747949386,56156.50001157408,4851921601.0
125,4FGL J1512.8-0906,FSRQ,3.937066430126626e-08,0.04762275553881167,1.8536476551698615,12096.0,1209600.0,2.0,84852.18194101994,56317.50001157408,4865832001.0
126,4FGL J1512.8-0906,FSRQ,7.71044738504011e-08,0.09326557156944518,3.6302289964486354,12096.0,1209600.0,2.0,43329.93775984779,56352.50001157408,4868856001.0
127,4FGL J1512.8-0906,FSRQ,5.5222310321907377e-08,0.10019535984806874,2.5999740633782964,18144.0,1814400.0,3.0,74090.86322282431,56394.50001157408,4872484801.0
128,4FGL J1512.8-0906,FSRQ,3.2392494042179675e-08,0.03918196079342053,1.525101790686801,12096.0,1209600.0,2.0,103130.10797012894,56471.50001157408,4879137601.0
129,4FGL J1512.8-0906,FSRQ,1.0186836324514722e-06,9.241497913599755,47.96161203185128,90720.0,9072000.0,15.0,8982.734365339544,56506.50001157408,4882161601.0
130,4FGL J1512.8-0906,FSRQ,1.20610350157052e-07,0.36472569887492523,5.678570497238089,30240.0,3024000.0,5.0,43795.418623527636,56772.50001157408,4905144001.0
131,4FGL J1512.8-0906,FSRQ,3.755289402389926e-07,2.2711990305654273,17.680634855329167,60480.0,6048000.0,10.0,19893.33265114723,56814.50001157408,4908772801.0
132,4FGL J1512.8-0906,FSRQ,5.29824038189907e-08,0.06408751565945116,2.4945148970010176,12096.0,1209600.0,2.0,63054.42963340381,56912.50001157408,4917240001.0
133,4FGL J1512.8-0906,FSRQ,1.219456790337908e-07,0.2950109867185467,5.741440384886082,24192.0,2419200.0,4.0,38743.83385157387,56933.50001157408,4919054401.0
134,4FGL J1512.8-0906,FSRQ,8.240271423230017e-08,0.14951148470308542,3.8796804861487373,18144.0,1814400.0,3.0,49653.860829616875,57045.50001157408,4928731201.0
135,4FGL J1512.8-0906,FSRQ,1.76134186354352e-06,22.37045074049354,82.92740986859481,127008.0,12700800.0,21.0,6147.4529133465385,57080.50001157408,4931755201.0
136,4FGL J1512.8-0906,FSRQ,1.107030713941513e-07,0.13390643515836542,5.212116492107817,12096.0,1209600.0,2.0,30181.190078558415,57234.50001157408,4945060801.0
137,4FGL J1512.8-0906,FSRQ,1.2866539854254084e-07,0.3112673321541148,6.057817884017919,24192.0,2419200.0,4.0,36720.62627090695,57269.50001157408,4948084801.0
138,4FGL J1512.8-0906,FSRQ,5.12593988167471e-08,0.062003368808737296,2.413392461326188,12096.0,1209600.0,2.0,65173.687758382075,57598.50001157408,4976510401.0
139,4FGL J1512.8-0906,FSRQ,4.867919882588731e-07,2.3552943559917314,22.919116139031303,48384.0,4838400.0,8.0,13727.513941431354,57619.50001157408,4978324801.0
140,4FGL J1512.8-0906,FSRQ,4.78133888122599e-08,0.05783507510730958,2.2511475899765285,12096.0,1209600.0,2.0,69870.42197895084,58221.50001157408,5030337601.0
141,4FGL J1512.8-0906,FSRQ,4.3075125056089996e-08,0.05210367126784646,2.028060891870746,12096.0,1209600.0,2.0,77555.45334166285,58333.50001157408,5040014401.0
142,4FGL J1512.8-0906,FSRQ,5.12593988167471e-08,0.10850589541529027,2.413392461326188,21168.0,2116800.0,3.5,86212.99944281326,58403.50001157408,5046062401.0
143,4FGL J1512.8-0906,FSRQ,2.2446447666728498e-07,0.8145366929302438,10.568225307538459,36288.0,3628800.0,6.0,25779.75118040719,58494.50001157408,5053924801.0
144,4FGL J1512.8-0906,FSRQ,5.147908195453315e-07,3.1134548766101653,24.237355718747285,60480.0,6048000.0,10.0,14512.548903717194,58557.50001157408,5059368001.0
145,4FGL J1512.8-0906,FSRQ,7.120318171771677e-08,0.12919105290862531,3.3523846542623437,18144.0,1814400.0,3.0,57463.07065771573,58683.50001157408,5070254401.0
146,4FGL J1512.8-0906,FSRQ,2.5715849658485728e-08,0.031105891746904337,1.2107523524468353,12096.0,1209600.0,2.0,129904.24385919594,58858.50001157408,5085374401.0
147,4FGL J1512.8-0906,FSRQ,8.602102473701174e-08,0.2081020630437788,4.05003760106588,24192.0,2419200.0,4.0,54922.363626473,59019.50001157408,5099284801.0
148,4FGL J1512.8-0906,FSRQ,9.48083502484541e-08,0.22936036092106016,4.4637620230075115,24192.0,2419200.0,4.0,49832.30252529744,59383.50001157408,5130734401.0
149,4FGL J1256.1-0547,FSRQ,7.918036018465377e-08,0.1436648455190358,3.6790938117977183,18144.0,1814400.0,3.0,52360.73341771653,54784.50001157408,4733380801.0
150,4FGL J1256.1-0547,FSRQ,1.3727864304460097e-07,0.33210449325349867,6.378614658225146,24192.0,2419200.0,4.0,34874.0836300419,56625.50001157408,4892443201.0
151,4FGL J1256.1-0547,FSRQ,4.878294636763499e-08,0.05900785192629128,2.2666862803335786,12096.0,1209600.0,2.0,69391.4876628474,56737.50001157408,4902120001.0
152,4FGL J1256.1-0547,FSRQ,1.3384667696848594e-07,0.16190094046108058,6.219149291769518,12096.0,1209600.0,2.0,25295.167623212365,57178.50001157408,4940222401.0
153,4FGL J1256.1-0547,FSRQ,1.6743091642761156e-07,0.40504887302167786,7.779631806371027,24192.0,2419200.0,4.0,28594.51270197892,57822.50001157408,4995864001.0
154,4FGL J1256.1-0547,FSRQ,3.6525924667224186e-08,0.044181758477474374,1.697167114420619,12096.0,1209600.0,2.0,92675.04038792614,57878.50001157408,5000702401.0
155,4FGL J1256.1-0547,FSRQ,1.1668684658791083e-07,0.21171661444910542,5.421822459491374,18144.0,1814400.0,3.0,35532.203639074774,57934.50001157408,5005540801.0
156,4FGL J1256.1-0547,FSRQ,8.793187367874708e-07,5.318119720090624,40.857304962595705,60480.0,6048000.0,10.0,8610.311370644804,58109.50001157408,5020660801.0
157,4FGL J1256.1-0547,FSRQ,8.842215454676351e-07,4.812994716289431,41.0851126289609,54432.0,5443200.0,9.0,8123.487973178369,58214.50001157408,5029732801.0
158,4FGL J1256.1-0547,FSRQ,1.4169117085674887e-07,0.34277928053664686,6.583641557953812,24192.0,2419200.0,4.0,33788.1826417184,58284.50001157408,5035780801.0
159,4FGL J1256.1-0547,FSRQ,7.893521975064556e-08,0.1432200627155713,3.6677034284794594,18144.0,1814400.0,3.0,52523.32790793314,58326.50001157408,5039409601.0
160,4FGL J1256.1-0547,FSRQ,7.011016412634977e-08,0.12720788179084902,3.2576496290221275,18144.0,1814400.0,3.0,59133.98780698697,58991.50001157408,5096865601.0
161,4FGL J1229.0+0202,FSRQ,1.055781636689024e-05,70.23904072564738,528.6775895602212,66528.0,6652800.0,11.0,700.4322792314643,54707.50001157408,4726728001.0
162,4FGL J1229.0+0202,FSRQ,9.020112908321448e-07,1.0910728573905624,45.167782657097206,12096.0,1209600.0,2.0,3488.4901161576067,54805.50001157408,4735195201.0
163,4FGL J1229.0+0202,FSRQ,5.7640721511712666e-06,27.888886696227058,288.6331477112065,48384.0,4838400.0,8.0,1093.0304296699974,54931.50001157408,4746081601.0
164,4FGL J1229.0+0202,FSRQ,3.6130241730212346e-05,437.03140396864853,1809.2045215011603,120960.0,12096000.0,20.0,276.94472273181765,55043.50001157408,4755758401.0
165,4FGL J1229.0+0202,FSRQ,4.181210232599326e-06,15.172775692056435,209.37209650164056,36288.0,3628800.0,6.0,1304.8122739591474,55197.50001157408,4769064001.0
166,4FGL J1229.0+0202,FSRQ,8.8475844329248e-06,32.10611439019751,443.03854593437705,36288.0,3628800.0,6.0,618.6017273699865,55246.50001157408,4773297601.0
167,4FGL J1229.0+0202,FSRQ,2.263712546311737e-06,6.845466740046692,113.35431976203469,30240.0,3024000.0,5.0,2197.8664929903607,55414.50001157408,4787812801.0
168,4FGL J1229.0+0202,FSRQ,1.3084374308604928e-06,2.3740288745532783,65.51937663994845,18144.0,1814400.0,3.0,2945.2049532452725,55463.50001157408,4792046401.0
169,4FGL J1229.0+0202,FSRQ,1.1845411431595432e-06,2.149231450148675,59.31532947138695,18144.0,1814400.0,3.0,3252.702448023393,55645.50001157408,4807771201.0
170,4FGL J1229.0+0202,FSRQ,1.2933846108594427e-06,2.346717037943373,64.76561389984285,18144.0,1814400.0,3.0,2979.4205150777716,56709.50001157408,4899700801.0
171,4FGL J1229.0+0202,FSRQ,7.700096385152456e-07,0.9314036587480411,38.557863243863466,12096.0,1209600.0,2.0,4085.404446796277,56898.50001157408,4916030401.0
172,4FGL J1229.0+0202,FSRQ,8.047469154407455e-07,0.9734218689171257,40.29731572103024,12096.0,1209600.0,2.0,3909.3362191003594,57395.50001157408,4958971201.0
173,4FGL J1224.9+2122,FSRQ,4.273577126252747e-07,0.7753978337872984,20.62200139924067,18144.0,1814400.0,3.0,9345.841424769053,55092.50001157408,4759992001.0
174,4FGL J1224.9+2122,FSRQ,5.182906096144738e-07,1.5673108034741687,25.009937485449885,30240.0,3024000.0,5.0,9947.039481061442,55169.50001157408,4766644801.0
175,4FGL J1224.9+2122,FSRQ,5.516506073264877e-07,1.334553149244239,26.61971285435504,24192.0,2419200.0,4.0,8360.020934022818,55225.50001157408,4771483201.0
176,4FGL J1224.9+2122,FSRQ,8.472632322132686e-06,230.59116127916317,408.84399752363004,272160.0,27216000.0,45.0,1826.066198839937,55267.50001157408,4775112001.0
177,4FGL J1224.9+2122,FSRQ,2.799280453173423e-07,0.6772019272317146,13.507832833434003,24192.0,2419200.0,4.0,16470.525637467294,55603.50001157408,4804142401.0
178,4FGL J1224.9+2122,FSRQ,2.845015933907636e-07,0.5161996910482015,13.728527843687129,18144.0,1814400.0,3.0,14035.982820303787,56527.50001157408,4883976001.0
179,4FGL J1224.9+2122,FSRQ,2.516796601579757e-07,0.4566475753906311,12.14471659363528,18144.0,1814400.0,3.0,15865.74502872822,56555.50001157408,4886395201.0
180,4FGL J1224.9+2122,FSRQ,1.8186579397839827e-07,0.32997729659440583,8.775872172418438,18144.0,1814400.0,3.0,21954.182570944853,56583.50001157408,4888814401.0
181,4FGL J1224.9+2122,FSRQ,5.287828669593814e-07,1.9188472676222033,25.516237803089414,36288.0,3628800.0,6.0,10679.56463000779,56618.50001157408,4891838401.0
182,4FGL J1224.9+2122,FSRQ,5.956373785032157e-07,1.8012074325937244,28.742279570613054,30240.0,3024000.0,5.0,8655.895723574795,56674.50001157408,4896676801.0
183,4FGL J1224.9+2122,FSRQ,1.5307934433980563e-07,0.27774716237014335,7.386791813766407,18144.0,1814400.0,3.0,26081.651277933077,56919.50001157408,4917844801.0
184,4FGL J1224.9+2122,FSRQ,1.029048316519783e-06,3.1118421091558237,49.656377306953445,30240.0,3024000.0,5.0,5011.966717946148,56954.50001157408,4920868801.0
185,4FGL J1224.9+2122,FSRQ,6.591289870518872e-08,0.07972824227379628,3.1806045595303516,12096.0,1209600.0,2.0,49454.33199740225,58235.50001157408,5031547201.0
186,4FGL J1153.4+4931,FSRQ,7.335841359122028e-06,146.41165618190107,367.1555557623308,199584.0,19958400.0,33.0,1741.5978999090055,55610.50001157408,4804747201.0
187,4FGL J0841.3+7053,FSRQ,5.467805913888708e-07,0.9920787050159672,27.252473374069453,18144.0,1814400.0,3.0,7073.307598263047,55631.50001157408,4806561601.0
188,4FGL J0841.3+7053,FSRQ,4.2618695788930076e-06,23.198208491830417,212.41881853837575,54432.0,5443200.0,9.0,1573.678292402654,55862.50001157408,4826520001.0
189,4FGL J0841.3+7053,FSRQ,1.0222784369678428e-06,3.0913699933907566,50.95209362421882,30240.0,3024000.0,5.0,4884.6164266767655,56793.50001157408,4906958401.0
190,4FGL J0841.3+7053,FSRQ,1.3837238892509764e-06,5.021257249313943,68.96714887609602,36288.0,3628800.0,6.0,3953.5532156404533,56919.50001157408,4917844801.0
191,4FGL J0841.3+7053,FSRQ,7.304384894167276e-07,1.7670767935969474,36.406294952169475,24192.0,2419200.0,4.0,6113.951342955625,57178.50001157408,4940222401.0
192,4FGL J0841.3+7053,FSRQ,1.695690729736651e-06,3.0766612600341796,84.51610607725222,18144.0,1814400.0,3.0,2284.400339800499,57220.50001157408,4943851201.0
193,4FGL J0841.3+7053,FSRQ,4.788523277347319e-07,0.8688296634418975,23.866813338333834,18144.0,1814400.0,3.0,8075.949036894324,57262.50001157408,4947480001.0
194,4FGL J0841.3+7053,FSRQ,7.512362787824391e-06,49.97824715483811,374.42892098913217,66528.0,6652800.0,11.0,987.8422425847097,57297.50001157408,4950504001.0
195,4FGL J0841.3+7053,FSRQ,2.5343112686766373e-06,13.794763097660672,126.31437812337099,54432.0,5443200.0,9.0,2644.3182429814365,57402.50001157408,4959576001.0
196,4FGL J0530.9+1332,FSRQ,1.1204857890655946e-07,3.2866985553503274,5.231722139016492,293328.0,29332800.0,48.5,148037.58810571957,54683.00001157408,4724611201.0
197,4FGL J0530.9+1332,FSRQ,7.554770028926675e-08,1.370737474048456,3.5274394375384746,181440.0,18144000.0,30.0,172682.05628475343,55533.50001157408,4798094401.0
198,4FGL J0530.9+1332,FSRQ,2.322917239335648e-07,35.05226364143749,10.846061294780007,1508976.0,150897600.0,249.5,161959.60541632096,55757.50001157408,4817448001.0
199,4FGL J0530.9+1332,FSRQ,1.4058601247503696e-07,26.910862039161596,6.564179225468446,1914192.0,191419200.0,316.5,301404.0614661978,57717.50001157408,4986792001.0
200,4FGL J0403.9-3605,FSRQ,3.4686522498261974e-08,0.04195681761389768,1.665744797746543,12096.0,1209600.0,2.0,94423.12341130525,54910.50001157408,4744267201.0
201,4FGL J0403.9-3605,FSRQ,5.405139088686222e-08,0.06538056241674854,2.595700482378049,12096.0,1209600.0,2.0,60596.69551865083,55008.50001157408,4752734401.0
202,4FGL J0403.9-3605,FSRQ,4.164510707306668e-07,2.6446308795680262,19.999156866196227,63504.0,6350400.0,10.5,18021.5966895029,55211.50001157408,4770273601.0
203,4FGL J0403.9-3605,FSRQ,3.309051686183887e-07,0.5003286149510038,15.891000984637266,15120.0,1512000.0,2.5,11071.049146274536,55817.00001157408,4822588801.0
204,4FGL J0403.9-3605,FSRQ,6.043541343255461e-08,0.07310267608801806,2.902279279509314,12096.0,1209600.0,2.0,54196.322788093494,55925.50001157408,4831963201.0
205,4FGL J0403.9-3605,FSRQ,1.518333362117173e-07,0.3673152069633865,7.291465725105265,24192.0,2419200.0,4.0,30508.617219509902,55967.50001157408,4835592001.0
206,4FGL J0403.9-3605,FSRQ,3.223931385574655e-07,1.5598669615964411,15.48222925512891,48384.0,4838400.0,8.0,20319.962458659465,56856.50001157408,4912401601.0
207,4FGL J0403.9-3605,FSRQ,1.4303402513623792e-06,19.89660503255124,68.68897949726005,139104.0,13910400.0,23.0,7766.511372020381,56989.50001157408,4923892801.0
208,4FGL J0403.9-3605,FSRQ,2.777049807376188e-07,1.175691806450783,13.33617767521005,42336.0,4233600.0,7.0,22066.22124014041,57185.50001157408,4940827201.0
209,4FGL J0403.9-3605,FSRQ,7.113929123416551e-07,5.593255633995029,34.16309729366069,78624.0,7862400.0,13.0,11739.529722754363,57248.50001157408,4946270401.0
210,4FGL J0403.9-3605,FSRQ,1.184236182225938e-07,0.28649041720409896,5.687036686784976,24192.0,2419200.0,4.0,39114.42364982029,59208.50001157408,5115614401.0
211,4FGL J0403.9-3605,FSRQ,4.500735894713133e-08,0.05444090138245006,2.1613805197754226,12096.0,1209600.0,2.0,72772.03022801896,59929.50001157408,5177908801.0
212,4FGL J2327.5+0939,FSRQ,3.822325201128169e-08,0.17338067112317374,1.8343962185041807,45360.0,4536000.0,7.5,166030.62218800213,54683.00001157408,4724611201.0
213,4FGL J2327.5+0939,FSRQ,2.5867219655772927e-07,2.1902292226936053,12.41410069079462,84672.0,8467200.0,14.0,33521.42848510527,54742.50001157408,4729752001.0
214,4FGL J2327.5+0939,FSRQ,1.3123385283096281e-07,1.1111832786903284,6.298126682203776,84672.0,8467200.0,14.0,66070.97353240212,54847.50001157408,4738824001.0
215,4FGL J2327.5+0939,FSRQ,2.9890665583889763e-07,31.274722963086194,14.34501802711,1046304.0,104630400.0,173.0,101968.69448676774,55012.00001157408,4753036801.0
216,4FGL J2327.5+0939,FSRQ,1.0405965786626662e-06,233.1752163922044,49.939927359497716,2240784.0,224078400.0,370.5,42864.0268222897,56391.00001157408,4872182401.0
217,4FGL J2327.5+0939,FSRQ,2.3524936727612625e-07,10.528632482316485,11.290000903362616,447552.0,44755200.0,74.0,84736.25960222849,59194.50001157408,5114404801.0
218,4FGL J2151.8-3027,FSRQ,2.703565529252366e-07,0.6540465728367324,13.35913530129598,24192.0,2419200.0,4.0,16653.804202590076,55047.00001157408,4756060801.0
219,4FGL J2151.8-3027,FSRQ,1.963361322410381e-06,18.999054844700773,97.01562350761623,96768.0,9676800.0,16.0,4587.518564159713,55554.50001157408,4799908801.0
220,4FGL J2151.8-3027,FSRQ,9.950286059187344e-08,0.12035866017193012,4.916737408915038,12096.0,1209600.0,2.0,31993.971936567148,55960.50001157408,4834987201.0
221,4FGL J2151.8-3027,FSRQ,1.4076014425191852e-07,0.2128293381089008,6.955384627245663,15120.0,1512000.0,2.5,25286.612266369055,56097.00001157408,4846780801.0
222,4FGL J2151.8-3027,FSRQ,3.928664164051823e-06,53.46126194441721,194.12718335491857,136080.0,13608000.0,22.5,2719.2954044065723,56265.00001157408,4861296001.0
223,4FGL J2151.8-3027,FSRQ,9.464906251422109e-08,0.11448750601720183,4.676896559699671,12096.0,1209600.0,2.0,33634.35512377625,56583.50001157408,4888814401.0
224,4FGL J2151.8-3027,FSRQ,2.6348357484728094e-06,68.52259240908327,130.19520658807022,260064.0,26006400.0,43.0,5602.602930993854,56653.50001157408,4894862401.0
225,4FGL J2151.8-3027,FSRQ,4.2033891352469455e-07,1.2711048744986764,20.77021754205084,30240.0,3024000.0,5.0,11976.639602938152,57094.50001157408,4932964801.0
226,4FGL J1924.8-2914,FSRQ,7.515180184935407e-06,309.07230635772754,378.42561893763263,411264.0,41126400.0,68.0,2424.463062422838,54690.00001157408,4725216001.0
227,4FGL J1924.8-2914,FSRQ,8.623916559090723e-06,422.47532352998365,434.255850323096,489888.0,48988800.0,81.0,2305.850586667136,55201.00001157408,4769366401.0
228,4FGL J1924.8-2914,FSRQ,6.08799948957708e-06,504.4370265075819,306.5601779653138,828576.0,82857600.0,137.0,4246.848798683094,55778.50001157408,4819262401.0
229,4FGL J1924.8-2914,FSRQ,2.9446401794519434e-07,0.7123673522130142,14.827685498365748,24192.0,2419200.0,4.0,15004.848365601112,56797.00001157408,4907260801.0
230,4FGL J1924.8-2914,FSRQ,1.3156370200576483e-05,3230.5309151073147,662.4867819012346,2455488.0,245548800.0,406.0,3382.8777690221896,57126.00001157408,4935686401.0
231,4FGL J1357.1+1921,FSRQ,6.649781608798722e-06,1542.3556661700627,335.5146237603482,2319408.0,231940800.0,383.5,6491.492624214258,57143.50001157408,4937198401.0
232,4FGL J1332.0-0509,FSRQ,8.476146892382714e-08,0.10252747281026131,4.109045617964266,12096.0,1209600.0,2.0,38281.567891877276,55085.50001157408,4759387201.0
233,4FGL J1332.0-0509,FSRQ,5.390829423555407e-08,0.0652074727073262,2.6133530130252733,12096.0,1209600.0,2.0,60187.424260092805,55120.50001157408,4762411201.0
234,4FGL J1332.0-0509,FSRQ,1.2256508406385405e-07,0.2223820885254568,5.9416799635763295,18144.0,1814400.0,3.0,32423.83634475876,55225.50001157408,4771483201.0
235,4FGL J1332.0-0509,FSRQ,7.798055140992097e-08,0.09432527498544041,3.780321968527125,12096.0,1209600.0,2.0,41609.834663792004,55337.50001157408,4781160001.0
236,4FGL J1332.0-0509,FSRQ,1.4697638711391625e-07,0.3555652757059862,7.125085101550037,24192.0,2419200.0,4.0,31220.92843464747,55358.50001157408,4782974401.0
237,4FGL J1332.0-0509,FSRQ,1.437724035885956e-06,8.695354969038263,69.69763177190988,60480.0,6048000.0,10.0,5048.635365754712,55435.50001157408,4789627201.0
238,4FGL J1332.0-0509,FSRQ,1.0493469852769801e-07,0.12692901133910353,5.086998475039762,12096.0,1209600.0,2.0,30923.356101494403,59383.50001157408,5130734401.0
239,4FGL J1222.5+0414,FSRQ,2.383772719133027e-06,299.15394116031837,115.20015511159615,1254960.0,125496000.0,207.5,13906.500242260769,54683.00001157408,4724611201.0
240,4FGL J1222.5+0414,FSRQ,9.95229420189747e-07,61.39530483973742,48.09627304535179,616896.0,61689600.0,102.0,23353.260262236843,56142.50001157408,4850712001.0
241,4FGL J1222.5+0414,FSRQ,2.421830679259939e-06,607.8601258488106,117.03937530010714,2509920.0,250992000.0,415.0,19357.2699887212,56877.50001157408,4914216001.0
242,4FGL J1222.5+0414,FSRQ,2.760687050545995e-07,3.5897765855659682,13.341522616012693,130032.0,13003200.0,21.5,38652.54019696686,59831.50001157408,5169441601.0
243,4FGL J1159.5+2914,FSRQ,1.3611467915623022e-05,24.696647386106413,699.4326594841153,18144.0,1814400.0,3.0,280.6532914732457,55358.50001157408,4782974401.0
244,4FGL J1159.5+2914,FSRQ,6.352018360624077e-05,345.75306340548974,3264.0190775925375,54432.0,5443200.0,9.0,105.23404721454692,55414.50001157408,4787812801.0
245,4FGL J1159.5+2914,FSRQ,1.6593934078953005e-05,40.14404532380311,852.6883004899587,24192.0,2419200.0,4.0,265.40160735125903,55533.50001157408,4798094401.0
246,4FGL J1159.5+2914,FSRQ,1.0581409207133514e-05,12.799272576948699,543.7314497388169,12096.0,1209600.0,2.0,295.6790180801774,57339.50001157408,4954132801.0
247,4FGL J1159.5+2914,FSRQ,6.3298085062163e-06,7.6565363691192365,325.26064234750817,12096.0,1209600.0,2.0,489.99016111552453,57738.50001157408,4988606401.0
248,4FGL J1159.5+2914,FSRQ,1.0565545025413674e-05,12.78008326274038,542.9162601589985,12096.0,1209600.0,2.0,296.1134313059695,57941.50001157408,5006145601.0
249,4FGL J1159.5+2914,FSRQ,0.0002226379262562395,2289.074102596152,11440.370563170249,102816.0,10281600.0,17.0,42.25091880736356,58018.50001157408,5012798401.0
250,4FGL J1159.5+2914,FSRQ,1.4071529185498391e-05,25.53138255416828,723.0731572988465,18144.0,1814400.0,3.0,271.6477202765441,58158.50001157408,5024894401.0
251,4FGL J1159.5+2914,FSRQ,7.013554738341418e-05,466.5977696323779,3603.953132376776,66528.0,6652800.0,11.0,105.07874322803525,58200.50001157408,5028523201.0
252,4FGL J1159.5+2914,FSRQ,1.1358754111405691e-05,20.609323459734487,583.6757391499144,18144.0,1814400.0,3.0,335.27898731872455,59222.50001157408,5116824001.0
253,4FGL J1159.5+2914,FSRQ,0.00019896856713023768,2166.0514092066196,10224.107710081322,108864.0,10886400.0,18.0,48.26639009528916,59292.50001157408,5122872001.0
254,4FGL J1159.5+2914,FSRQ,0.0002489883320928943,4517.644297493474,12794.400455248477,181440.0,18144000.0,30.0,49.25827199134576,59453.50001157408,5136782401.0
255,4FGL J1159.5+2914,FSRQ,8.22081896722127e-05,546.9146442512966,4224.312402618514,66528.0,6652800.0,11.0,90.04307718439885,59684.50001157408,5156740801.0
256,4FGL J1159.5+2914,FSRQ,0.00036014865340381567,6207.81030899089,18506.433841035414,172368.0,17236800.0,28.5,33.75881389445091,59789.50001157408,5165812801.0
257,4FGL J1129.8-1447,FSRQ,6.504646925116578e-07,1.7703047071397278,32.89247049805566,27216.0,2721600.0,4.5,7176.521184310326,58372.00001157408,5043340801.0
258,4FGL J1129.8-1447,FSRQ,3.049678692968119e-06,11.06667404104271,154.21508283511477,36288.0,3628800.0,6.0,1770.156114173631,58795.50001157408,5079931201.0
259,4FGL J1129.8-1447,FSRQ,3.3999289120128572e-06,10.28138502992688,171.9264131032986,30240.0,3024000.0,5.0,1450.492208745737,59075.50001157408,5104123201.0
260,4FGL J1129.8-1447,FSRQ,2.42173008596648e-06,2.9293247119850543,122.46119785429951,12096.0,1209600.0,2.0,1290.7608705478804,59187.50001157408,5113800001.0
261,4FGL J1129.8-1447,FSRQ,3.8102220257509795e-06,11.522111405870962,192.67397141745678,30240.0,3024000.0,5.0,1294.7414296675504,59250.50001157408,5119243201.0
262,4FGL J1129.8-1447,FSRQ,7.875626353948842e-06,61.92132464528738,398.25191203030465,78624.0,7862400.0,13.0,1009.3757547744846,59299.50001157408,5123476801.0
263,4FGL J1129.8-1447,FSRQ,1.1808435956365478e-06,2.4996097232434447,59.71248490416257,21168.0,2116800.0,3.5,3489.172905222857,59401.00001157408,5132246401.0
264,4FGL J1129.8-1447,FSRQ,2.1793068986419428e-05,210.8871699677835,1102.02427118678,96768.0,9676800.0,16.0,405.94736417998377,59670.50001157408,5155531201.0
265,4FGL J1129.8-1447,FSRQ,3.5357759612566384e-05,609.4546308898842,1787.958790573156,172368.0,17236800.0,28.5,333.77030986175356,59789.50001157408,5165812801.0
266,4FGL J1044.6+8053,FSRQ,0.0034187524706536837,32048.753160895893,175780.44885783643,93744.0,9374400.0,15.5,4.223422717849267,55253.50001157408,4773902401.0
267,4FGL J1044.6+8053,FSRQ,0.011728155678993808,766064.3639027892,603021.2737612822,653184.0,65318400.0,108.0,2.657869845169608,55897.50001157408,4829544001.0
268,4FGL J1044.6+8053,FSRQ,0.013439857596273475,1637877.8136565788,691031.0767268385,1218672.0,121867200.0,201.5,2.8597059742011006,56870.50001157408,4913611201.0
269,4FGL J1044.6+8053,FSRQ,0.0037495161261666627,53291.122797981545,192787.1740685719,142128.0,14212800.0,23.5,4.292648345196596,58498.00001157408,5054227201.0
270,4FGL J1044.6+8053,FSRQ,0.0017830228304996534,4852.674935487857,91676.87808912102,27216.0,2721600.0,4.5,5.378412925648965,58802.50001157408,5080536001.0
271,4FGL J1044.6+8053,FSRQ,0.0012150396157984593,4041.707777991995,62473.142141311175,33264.0,3326400.0,5.5,7.08244021723934,59681.00001157408,5156438401.0
272,4FGL J1044.6+8053,FSRQ,0.002690038792101651,36606.047882919265,138312.5073779348,136080.0,13608000.0,22.5,5.415776172185914,59740.50001157408,5161579201.0
273,4FGL J0746.4+2546,FSRQ,0.003639652902565104,587736.9741508571,187936.90798578755,1614816.0,161481600.0,267.0,10.21626295083458,54704.00001157408,4726425601.0
274,4FGL J0746.4+2546,FSRQ,0.00028177140318152104,8776.390249175472,14549.531971972026,311472.0,31147200.0,51.5,56.11903005235372,56881.00001157408,4914518401.0
275,4FGL J0746.4+2546,FSRQ,0.0039719347516842625,647399.944142124,205094.5944396918,1629936.0,162993600.0,269.5,9.44503296634944,57294.00001157408,4950201601.0
276,4FGL J0746.4+2546,FSRQ,0.001697528368492372,69299.8981153326,87653.47722245014,408240.0,40824000.0,67.5,11.488440678917051,59191.00001157408,5114102401.0
277,4FGL J0635.6-7518,FSRQ,3.490734332187617e-05,15570.071415289645,1761.9598448828647,4460400.0,446040000.0,737.5,1714.402122121952,54791.50001157408,4733985601.0
278,4FGL J0539.9-2839,FSRQ,1.2734762836703776e-07,4.85225027509222,6.035542840203527,381024.0,38102400.0,63.0,146251.15555689402,55026.00001157408,4754246401.0
279,4FGL J0539.9-2839,FSRQ,1.9113403737046857e-07,9.59462286153773,9.058650605142468,501984.0,50198400.0,83.0,111846.23886066074,55519.50001157408,4796884801.0
280,4FGL J0539.9-2839,FSRQ,1.1473123444357472e-08,0.07632839565062138,0.5437598559729951,66528.0,6652800.0,11.0,678317.3166417021,56128.50001157408,4849502401.0
281,4FGL J0539.9-2839,FSRQ,2.2001027810787756e-07,7.584546323379728,10.42721781184652,344736.0,34473600.0,57.0,80522.54244276459,56233.50001157408,4858574401.0
282,4FGL J0539.9-2839,FSRQ,2.407796918116289e-08,0.3422153603780319,1.1411568190273726,142128.0,14212800.0,23.5,472424.3493288108,56730.50001157408,4901515201.0
283,4FGL J0539.9-2839,FSRQ,3.499677966595401e-08,0.22224354959067436,1.6586454388788745,63504.0,6350400.0,10.5,217264.46026354402,57147.00001157408,4937500801.0
284,4FGL J0539.9-2839,FSRQ,2.2583056418332417e-07,11.33633299310018,10.7030657911222,501984.0,50198400.0,83.0,94662.37791831912,57437.50001157408,4962600001.0
285,4FGL J0539.9-2839,FSRQ,6.477320155332546e-07,28.40175341710215,30.69876038409392,438480.0,43848000.0,72.5,30846.45748287972,59040.50001157408,5101099201.0
286,4FGL J0539.9-2839,FSRQ,2.4757002556631656e-07,6.064079234231585,11.733390832762021,244944.0,24494400.0,40.5,60319.3016619767,59705.50001157408,5158555201.0
287,4FGL J0405.6-1308,FSRQ,8.779187145450796e-07,66.37065481960802,43.61374117610684,756000.0,75600000.0,125.0,28509.271518146772,54847.50001157408,4738824001.0
288,4FGL J0405.6-1308,FSRQ,5.339177740034159e-06,1135.0408460561898,265.2426838488632,2125872.0,212587200.0,351.5,7861.1896060716335,55890.50001157408,4828939201.0
289,4FGL J0405.6-1308,FSRQ,3.3054082859199778e-06,154.9310971776412,164.20793756307424,468720.0,46872000.0,77.5,5963.135720829259,59439.50001157408,5135572801.0
290,4FGL J0217.4+7352,FSRQ,7.174272158786705e-06,2998.2488629292316,351.88555776891104,4179168.0,417916800.0,691.0,8308.024961359586,54690.00001157408,4725216001.0
291,4FGL J0304.5+3349,BCU,1.9067753017425616e-06,362.68696743433196,96.53585753692577,1902096.0,190209600.0,314.5,20430.293948095154,54683.00001157408,4724611201.0
292,4FGL J0304.5+3349,BCU,1.8023359487103115e-06,110.09533095977963,91.24832182343285,610848.0,61084800.0,101.0,12249.268790061344,57010.50001157408,4925707201.0
293,4FGL J0304.5+3349,BCU,6.027698228344412e-06,796.55308763784,305.1691601602244,1321488.0,132148800.0,218.5,5387.374255018859,57735.00001157408,4988304001.0
294,4FGL J0304.5+3349,BCU,1.620907649880678e-06,64.21128400543313,82.06300439616268,396144.0,39614400.0,65.5,10968.82592416535,59271.50001157408,5121057601.0
295,4FGL J0522.9-3628,None,1.1791706940344927e-06,9.271111664776795,59.07746349065741,78624.0,7862400.0,13.0,6789.766917778436,54714.50001157408,4727332801.0
296,4FGL J0522.9-3628,None,1.1847027544042618e-06,8.239844597432523,59.354624461648775,69552.0,6955200.0,11.5,6356.550747016353,54819.50001157408,4736404801.0
297,4FGL J0522.9-3628,None,3.630234224388088e-06,59.28027279056772,181.87784935532738,163296.0,16329600.0,27.0,3178.964828461204,55036.50001157408,4755153601.0
298,4FGL J0522.9-3628,None,8.51335986034694e-06,216.25296182858884,426.526633401697,254016.0,25401600.0,42.0,1691.1601341271091,55267.50001157408,4775112001.0
299,4FGL J0522.9-3628,None,3.530897662096146e-06,32.03230359053624,176.9010023544826,90720.0,9072000.0,15.0,2437.138902865975,55575.50001157408,4801723201.0
300,4FGL J0522.9-3628,None,1.4817022389516951e-05,784.1168248532371,742.3455346078468,529200.0,52920000.0,87.5,1402.310703074931,55687.50001157408,4811400001.0
301,4FGL J0522.9-3628,None,1.8640638202483058e-07,0.22547715969723506,9.33911967470872,12096.0,1209600.0,2.0,16846.844877306416,56324.50001157408,4866436801.0
302,4FGL J0522.9-3628,None,2.2260529879223316e-06,18.848435859335968,111.52716463152154,84672.0,8467200.0,14.0,3733.4566784215667,56380.50001157408,4871275201.0
303,4FGL J0522.9-3628,None,4.124992840936574e-07,0.997918268079376,20.666568054355427,24192.0,2419200.0,4.0,10766.858007827952,56513.50001157408,4882766401.0
304,4FGL J0522.9-3628,None,9.103847173728824e-07,7.157808801872551,45.61105544357743,78624.0,7862400.0,13.0,8793.654878280135,56734.00001157408,4901817601.0
305,4FGL J0522.9-3628,None,2.054679378641439e-06,32.93075733736207,102.94119976928934,160272.0,16027200.0,26.5,5563.076945861881,56986.00001157408,4923590401.0
306,4FGL J0522.9-3628,None,7.740074030398772e-07,2.3405983867925886,38.77843498479053,30240.0,3024000.0,5.0,6416.747271207161,57185.50001157408,4940827201.0
307,4FGL J0522.9-3628,None,3.383576489205554e-06,42.9741282741019,169.5200851922128,127008.0,12700800.0,21.0,3008.292435022818,57234.50001157408,4945060801.0
308,4FGL J0522.9-3628,None,2.627127364730597e-06,36.54439249434849,131.62133502839484,139104.0,13910400.0,23.0,4054.0110166980767,57451.50001157408,4963809601.0
309,4FGL J0522.9-3628,None,3.771903074726959e-06,61.59366844906135,188.97558030810595,163296.0,16329600.0,27.0,3059.6325546972294,57619.50001157408,4978324801.0
310,4FGL J0522.9-3628,None,1.4319618004965533e-06,16.454959441865995,71.74251481726242,114912.0,11491200.0,19.0,6758.925529869687,57822.50001157408,4995864001.0
311,4FGL J0522.9-3628,None,3.2230264763002966e-07,0.3898572825732839,16.14763917949637,12096.0,1209600.0,2.0,9746.250711795055,57997.50001157408,5010984001.0
312,4FGL J0522.9-3628,None,2.68184665751853e-07,0.3243961716934414,13.436281854580931,12096.0,1209600.0,2.0,11711.671843558057,58025.50001157408,5013403201.0
313,4FGL J0522.9-3628,None,1.4972160604234393e-05,977.9575752116237,750.1180922726044,653184.0,65318400.0,108.0,1541.6060121075132,58053.50001157408,5015822401.0
314,4FGL J0522.9-3628,None,6.969193444089634e-07,2.9504777364897876,34.91625710641099,42336.0,4233600.0,7.0,8430.285496095545,58823.50001157408,5082350401.0
315,4FGL J0522.9-3628,None,1.0573451037176197e-06,7.03430550601258,52.97389689034779,66528.0,6652800.0,11.0,6965.45013157007,58893.50001157408,5088398401.0
316,4FGL J0522.9-3628,None,3.609068080364623e-06,65.48293125013572,180.81740737936045,181440.0,18144000.0,30.0,3370.378009737045,59278.50001157408,5121662401.0
317,4FGL J0522.9-3628,None,4.305386113863829e-07,1.0415590086659374,21.570353829327235,24192.0,2419200.0,4.0,10315.925198092978,59509.50001157408,5141620801.0
318,4FGL J0522.9-3628,None,1.0571045793537165e-06,5.114694796745022,52.961846413348155,48384.0,4838400.0,8.0,5942.392956224146,59775.50001157408,5164603201.0
319,4FGL J0433.0+0522,None,0.0003494689538520857,21664.279387198498,18078.578375679383,619920.0,61992000.0,102.5,63.18029023225322,55362.00001157408,4783276801.0
320,4FGL J0433.0+0522,None,0.0016945612895671747,111710.90280439478,87662.31949404867,659232.0,65923200.0,109.0,14.097842619216896,56100.50001157408,4847083201.0
321,4FGL J0433.0+0522,None,0.003461063659799695,178972.98627370613,179046.26418799988,517104.0,51710400.0,85.5,6.663804842476473,56881.00001157408,4914518401.0
322,4FGL J0433.0+0522,None,0.006370159664128872,1238634.2296041432,329538.3738215804,1944432.0,194443200.0,321.5,6.543685892520881,57507.50001157408,4968648001.0
323,4FGL J0319.8+4130,None,4.6296105855531916e-06,86.79964294641968,228.92347832664584,187488.0,18748800.0,31.0,2706.4338418452644,55365.50001157408,4783579201.0
324,4FGL J0319.8+4130,None,1.2532304713162146e-06,9.853399257676605,61.96933269806939,78624.0,7862400.0,13.0,6473.033692014622,55624.50001157408,4805956801.0
325,4FGL J0319.8+4130,None,8.421202411498977e-06,320.86802276389864,416.4088776168049,381024.0,38102400.0,63.0,2120.945003025496,55757.50001157408,4817448001.0
326,4FGL J0319.8+4130,None,8.18701287898029e-05,19063.29574844803,4048.2874978938794,2328480.0,232848000.0,385.0,539.4834794092428,56212.50001157408,4856760001.0
327,4FGL J0319.8+4130,None,1.4785587782801401e-07,0.17884646982076574,7.3111293526611165,12096.0,1209600.0,2.0,21518.08746364887,58942.50001157408,5092632001.0
328,4FGL J0319.8+4130,None,1.6000841573168642e-07,0.19354617966904789,7.9120440939757275,12096.0,1209600.0,2.0,19884.295937055034,59614.50001157408,5150692801.0
329,4FGL J0324.8+3412,None,0.011950436956132824,957660.21591666,616354.3652056585,801360.0,80136000.0,132.5,2.762485017652375,54774.00001157408,4732473601.0
330,4FGL J0324.8+3412,None,0.011233847993878077,519758.69190235576,579395.6551128661,462672.0,46267200.0,76.5,2.5194675047767423,55803.00001157408,4821379201.0
331,4FGL J0324.8+3412,None,0.009440889769895308,171295.50398498046,486922.2474843659,181440.0,18144000.0,30.0,2.400945903390251,56464.50001157408,4878532801.0
332,4FGL J0324.8+3412,None,0.001957035021323682,4734.459123586252,100935.8137012872,24192.0,2419200.0,4.0,5.01149933658017,56989.50001157408,4923892801.0
333,4FGL J0324.8+3412,None,0.002729660561195504,13207.189659288328,140784.65989138326,48384.0,4838400.0,8.0,4.417792311886946,57080.50001157408,4931755201.0
334,4FGL J0324.8+3412,None,0.0015134121151884874,5949.525707228981,78055.56959763316,39312.0,3931200.0,6.5,6.276336154562008,57157.50001157408,4938408001.0
335,4FGL J0324.8+3412,None,0.011932394876218232,1605718.513702935,615423.8289622085,1345680.0,134568000.0,222.5,3.2539586015828945,57287.00001157408,4949596801.0
336,4FGL J1829.5+4845,None,3.4443858527770683e-07,19.26927221477603,16.701928447317396,559440.0,55944000.0,92.5,64040.196976435655,54683.00001157408,4724611201.0
337,4FGL J1829.5+4845,None,7.788705972524234e-07,64.06428746168413,37.76766466085963,822528.0,82252800.0,136.0,34340.07362765031,55393.50001157408,4785998401.0
338,4FGL J1829.5+4845,None,8.911034333030657e-07,108.32681064880053,43.2098679367963,1215648.0,121564800.0,201.0,36489.23317796342,56363.00001157408,4869763201.0
339,4FGL J1829.5+4845,None,1.4140327319001016e-07,2.907703787260817,6.85668636436848,205632.0,20563200.0,34.0,94574.56298553146,57780.50001157408,4992235201.0
340,4FGL J1829.5+4845,None,2.432146605229194e-07,12.135438701451587,11.793550522561922,498960.0,49896000.0,82.5,85650.41342745002,58032.50001157408,5014008001.0
341,4FGL J1829.5+4845,None,9.326174554903371e-07,97.29811389639589,45.22289509974646,1043280.0,104328000.0,172.5,32298.884920194156,58620.50001157408,5064811201.0
342,4FGL J1829.5+4845,None,5.9268446770506685e-08,0.6989883538326477,2.873944440186711,117936.0,11793600.0,19.5,170878.00222144005,59845.50001157408,5170651201.0
343,4FGL J2009.4-4849,BLL,3.38776987960431e-06,67.61446636509466,173.10426452379258,199584.0,19958400.0,33.0,3692.150429744524,54805.50001157408,4735195201.0
344,4FGL J2009.4-4849,BLL,3.2629762680671115e-06,100.64585039327645,166.72770793638423,308448.0,30844800.0,51.0,4764.7111919240815,55257.00001157408,4774204801.0
345,4FGL J2009.4-4849,BLL,1.3710920154716852e-06,21.974765950367793,70.05844061651318,160272.0,16027200.0,26.5,8173.334975543722,56135.50001157408,4850107201.0
346,4FGL J2009.4-4849,BLL,1.0674603149599193e-06,14.203199966730702,54.54382655738569,133056.0,13305600.0,22.0,9565.257446805079,56373.50001157408,4870670401.0
347,4FGL J2009.4-4849,BLL,1.5119351990963447e-06,41.14882837860612,77.2550792847169,272160.0,27216000.0,45.0,9657.901538599644,57119.00001157408,4935081601.0
348,4FGL J2009.4-4849,BLL,5.379783809488244e-06,318.861938301892,274.8898398456866,592704.0,59270400.0,98.0,4005.871053774955,57451.50001157408,4963809601.0
349,4FGL J2009.4-4849,BLL,4.4432749010705085e-06,244.54363207523735,227.0372136128308,550368.0,55036800.0,91.0,4673.6386979058525,58165.50001157408,5025499201.0
350,4FGL J0507.9+6737,BLL,1.288092720005208e-05,1347.736565312329,665.3799366435367,1046304.0,104630400.0,173.0,2199.0409981954754,54683.00001157408,4724611201.0
351,4FGL J0325.5-5635,BLL,3.9517771203508126e-05,14184.856552173798,2034.426846153001,3589488.0,358948800.0,593.5,1332.0890265018636,54837.00001157408,4737916801.0
352,4FGL J0608.9-5456,BCU,0.0003152435858967414,58246.42248923168,16318.223152095945,1847664.0,184766400.0,305.5,119.64210699968227,54823.00001157408,4736707201.0
353,4FGL J0608.9-5456,BCU,0.0006900322188572252,151491.32940524048,35718.72746408983,2195424.0,219542400.0,363.0,59.80035140141764,56993.00001157408,4924195201.0
354,4FGL J0923.5+3852,BCU,7.945423437177933e-07,211.67752177616967,38.36363069443223,2664144.0,266414400.0,440.5,60841.27552253882,54725.00001157408,4728240001.0
355,4FGL J0923.5+3852,BCU,2.8419027538619286e-07,49.500944223428,13.721824718428453,1741824.0,174182400.0,288.0,137539.68198888502,57917.00001157408,5004028801.0
356,4FGL J1849.2+6705,FSRQ,2.172253721179948e-06,72.91473730661461,105.88186449173917,335664.0,33566400.0,55.5,7825.91859635639,54683.00001157408,4724611201.0
357,4FGL J1849.2+6705,FSRQ,4.860685207600341e-07,4.40961362033503,23.69237108308798,90720.0,9072000.0,15.0,18181.752209358685,55659.50001157408,4808980801.0
358,4FGL J1849.2+6705,FSRQ,3.3529726663539394e-08,0.06083633605832588,1.634334857120421,18144.0,1814400.0,3.0,117863.97166891588,55785.50001157408,4819867201.0
359,4FGL J1849.2+6705,FSRQ,2.362833087027944e-08,0.02858082902069001,1.1517124832056655,12096.0,1209600.0,2.0,136563.150382564,56184.50001157408,4854340801.0
360,4FGL J1849.2+6705,FSRQ,1.2182542364993503e-06,100.57322214505116,59.381198765052474,825552.0,82555200.0,136.5,21881.390278573526,56506.50001157408,4882161601.0
361,4FGL J1849.2+6705,FSRQ,1.0418968755180362e-07,1.1972645375952857,5.078503616421174,114912.0,11491200.0,19.0,95453.6543715913,57581.00001157408,4974998401.0
362,4FGL J0224.9+1843,FSRQ,4.217659219007551e-06,502.5155382441861,210.40084362249436,1191456.0,119145600.0,197.0,7419.350836358674,55614.00001157408,4805049601.0
363,4FGL J0336.4+3224,FSRQ,9.34986206919719e-07,23.750145633691936,46.446323014454045,254016.0,25401600.0,42.0,15518.685685343906,54704.00001157408,4726425601.0
364,4FGL J0336.4+3224,FSRQ,2.3908480162372587e-06,115.67879041762353,118.76763359585813,483840.0,48384000.0,80.0,8376.10504398385,55134.50001157408,4763620801.0
365,4FGL J0336.4+3224,FSRQ,4.345463558525391e-07,5.913306810441352,21.58650069841502,136080.0,13608000.0,22.5,24439.109936857527,55708.50001157408,4813214401.0
366,4FGL J0336.4+3224,FSRQ,2.3538208628361962e-07,0.5694363431373326,11.69282747749005,24192.0,2419200.0,4.0,19026.430184991732,55925.50001157408,4831963201.0
367,4FGL J0336.4+3224,FSRQ,4.703595042240583e-07,5.120521706784788,23.365552672783846,108864.0,10886400.0,18.0,20195.22633075663,55978.00001157408,4836499201.0
368,4FGL J0336.4+3224,FSRQ,1.9732302860744584e-06,125.30801608687241,98.02207836931991,635040.0,63504000.0,105.0,11626.424800211209,56135.50001157408,4850107201.0
369,4FGL J0336.4+3224,FSRQ,4.6199635846498414e-07,5.308892554392826,22.950105507394518,114912.0,11491200.0,19.0,21124.060703766954,56940.50001157408,4919659201.0
370,4FGL J0336.4+3224,FSRQ,2.5686323083414485e-06,89.32675715488222,127.59923624074744,347760.0,34776000.0,57.5,6610.090974262511,57084.00001157408,4932057601.0
371,4FGL J0336.4+3224,FSRQ,2.433945194786036e-06,267.1770847658969,120.9085266497596,1097712.0,109771200.0,181.5,12392.166243258966,57595.00001157408,4976208001.0
372,4FGL J0336.4+3224,FSRQ,6.86654733654307e-07,9.759286398481935,34.11022250668373,142128.0,14212800.0,23.5,15806.780254429017,58970.50001157408,5095051201.0
373,4FGL J2056.2-4714,FSRQ,5.592846843121359e-06,218.17471821142698,275.11640079284007,390096.0,39009600.0,64.5,3247.5690557873363,54854.50001157408,4739428801.0
374,4FGL J2056.2-4714,FSRQ,1.355832629084172e-07,0.24600227222103216,6.6694440855268216,18144.0,1814400.0,3.0,28886.35374385385,55414.50001157408,4787812801.0
375,4FGL J2056.2-4714,FSRQ,4.157824648942876e-06,178.54031668532627,204.5265648480581,429408.0,42940800.0,71.0,4582.735387291054,55645.50001157408,4807771201.0
376,4FGL J2056.2-4714,FSRQ,4.066380442777995e-07,2.213412202612918,20.00283546200448,54432.0,5443200.0,9.0,16682.12626986498,56198.50001157408,4855550401.0
377,4FGL J2056.2-4714,FSRQ,1.4499587019879e-06,21.923375574057047,71.3245741531051,151200.0,15120000.0,25.0,7797.854994270834,56296.50001157408,4864017601.0
378,4FGL J2056.2-4714,FSRQ,2.756847263088099e-06,71.69567266277434,135.6114189840925,260064.0,26006400.0,43.0,5378.895401282701,56835.50001157408,4910587201.0
379,4FGL J2056.2-4714,FSRQ,1.5453139638136e-06,32.711205986006284,76.01517219127783,211680.0,21168000.0,35.0,8656.725206179859,57206.50001157408,4942641601.0
380,4FGL J2056.2-4714,FSRQ,2.3652574710671677e-07,0.5722030874005692,11.634881852498712,24192.0,2419200.0,4.0,19121.165317949442,57619.50001157408,4978324801.0
381,4FGL J2056.2-4714,FSRQ,4.728652534676803e-07,2.5739001476752774,23.260602380704125,54432.0,5443200.0,9.0,14346.137875422266,58004.50001157408,5011588801.0
382,4FGL J2056.2-4714,FSRQ,1.0019752121528632e-07,0.1817983824930155,4.928792469798667,18144.0,1814400.0,3.0,39085.97982651961,58074.50001157408,5017636801.0
383,4FGL J2056.2-4714,FSRQ,1.2882421376353769e-05,1114.1542481238826,633.6961304274157,864864.0,86486400.0,143.0,2099.3649413789913,58179.50001157408,5026708801.0
384,4FGL J2056.2-4714,FSRQ,8.620339157938184e-07,12.512594694530433,42.4041056239965,145152.0,14515200.0,24.0,12849.998269518781,59278.50001157408,5121662401.0
385,4FGL J2148.6+0652,FSRQ,1.625944532535867e-05,4612.011177872377,823.9152759205843,2836512.0,283651200.0,469.0,2923.538787623916,54991.00001157408,4751222401.0
386,4FGL J2148.6+0652,FSRQ,3.123966391543558e-06,277.73810642001496,158.30082637818796,889056.0,88905600.0,147.0,8518.36166014761,58326.50001157408,5039409601.0
387,4FGL J0836.5-2026,FSRQ,6.221995566361278e-07,151.65143561697263,29.936781021929253,2437344.0,243734400.0,403.0,74574.78642449564,55596.50001157408,4803537601.0
388,4FGL J0836.5-2026,FSRQ,1.5468083019601515e-07,18.055336457792144,7.442380973242001,1167264.0,116726400.0,193.0,207591.74046157728,58477.00001157408,5052412801.0
389,4FGL J1740.5+5211,FSRQ,1.845406371681121e-06,57.47924134002621,90.54499592348176,311472.0,31147200.0,51.5,8815.44429186761,54690.00001157408,4725216001.0
390,4FGL J1740.5+5211,FSRQ,8.089902755444919e-08,0.1467831955947926,3.9693165866000224,18144.0,1814400.0,3.0,48532.684774842826,57031.50001157408,4927521601.0
391,4FGL J1740.5+5211,FSRQ,1.6828350881129212e-06,23.40890920968598,82.56842424049341,139104.0,13910400.0,23.0,6461.311885697452,57164.50001157408,4939012801.0
392,4FGL J1740.5+5211,FSRQ,1.2004371830660205e-07,1.7061573595480735,5.889953644632293,142128.0,14212800.0,23.5,91532.00627674983,57518.00001157408,4969555201.0
393,4FGL J1740.5+5211,FSRQ,7.42299320929713e-08,0.13468278878948714,3.642096939676007,18144.0,1814400.0,3.0,52892.566322511186,58487.50001157408,5053320001.0
394,4FGL J1740.5+5211,FSRQ,2.192457078497739e-06,92.15686385474257,107.57306373346005,420336.0,42033600.0,69.5,8619.585042361134,58806.00001157408,5080838401.0
395,4FGL J1740.5+5211,FSRQ,7.854712432407292e-07,12.826431213623811,38.539202859939685,163296.0,16329600.0,27.0,14995.892752083992,59299.50001157408,5123476801.0
396,4FGL J1740.5+5211,FSRQ,6.737075130191505e-07,9.982728444912565,33.055507424290354,148176.0,14817600.0,24.5,16654.42254256856,59506.00001157408,5141318401.0
397,4FGL J1459.0+7140,None,3.2338168009585125e-06,714.8494326458034,161.97933888080527,2210544.0,221054400.0,365.5,13126.287383361592,55754.00001157408,4817145601.0
398,4FGL J0721.9+7120,BLL,1.3843406588315979e-08,0.16326359993996334,0.619229818064176,117936.0,11793600.0,19.5,793064.5065926547,54683.00001157408,4724611201.0
399,4FGL J0721.9+7120,BLL,4.038893374738592e-08,0.7816712681734082,1.8066385565319336,193536.0,19353600.0,32.0,348215.15648229467,54931.50001157408,4746081601.0
400,4FGL J0721.9+7120,BLL,1.806740245718061e-08,0.18576180510374818,0.8081734987033405,102816.0,10281600.0,17.0,567366.2409460822,55204.50001157408,4769668801.0
401,4FGL J0721.9+7120,BLL,1.9532025941952924e-07,17.60132424164276,8.736876139048361,901152.0,90115200.0,149.0,155374.94551298395,55330.50001157408,4780555201.0
402,4FGL J0721.9+7120,BLL,2.227848419854808e-08,0.21558443589251008,0.9965395171341811,96768.0,9676800.0,16.0,446385.03983787895,56380.50001157408,4871275201.0
403,4FGL J0721.9+7120,BLL,1.178597084255919e-07,6.914310510612404,5.271986005747608,586656.0,58665600.0,97.0,207756.92010172328,56569.50001157408,4887604801.0
404,4FGL J0721.9+7120,BLL,4.2340581265395087e-08,1.0243033419724379,1.893937757764831,241920.0,24192000.0,40.0,371370.94441165094,57276.50001157408,4948689601.0
405,4FGL J0721.9+7120,BLL,1.0888761834693599e-08,0.16134531736175586,0.4870655186514816,148176.0,14817600.0,24.5,1130155.7513272266,57570.50001157408,4974091201.0
406,4FGL J0721.9+7120,BLL,1.1567883514450799e-07,6.4365554735766555,5.1744333003169665,556416.0,55641600.0,92.0,206146.0741930385,57836.50001157408,4997073601.0
407,4FGL J0721.9+7120,BLL,1.1811960524147235e-07,7.429628674004418,5.283611457690119,628992.0,62899200.0,104.0,214649.33588310675,58522.50001157408,5056344001.0
408,4FGL J0721.9+7120,BLL,6.84825419401786e-09,0.04556006550196202,0.3063294552222477,66528.0,6652800.0,11.0,1204066.6084901115,59257.50001157408,5119848001.0
409,4FGL J0721.9+7120,BLL,3.3705872767602634e-08,0.9581096569427654,1.5076983637244912,284256.0,28425600.0,47.0,505682.0593205232,59341.50001157408,5127105601.0
410,4FGL J0721.9+7120,BLL,1.6756080427572572e-09,0.004053630977038356,0.0749516715299819,24192.0,2419200.0,4.0,2967503.736451072,59684.50001157408,5156740801.0
411,4FGL J0721.9+7120,BLL,2.9777825653881386e-09,0.010805777373280477,0.13319927753594085,36288.0,3628800.0,6.0,2045109.1025102858,59880.50001157408,5173675201.0
412,4FGL J2202.7+4216,BLL,1.8134635038797245e-06,13.161392725757489,88.8367118136142,72576.0,7257600.0,12.0,4339.160487515426,55687.50001157408,4811400001.0
413,4FGL J2202.7+4216,BLL,1.3008090520672714e-07,0.15734586293805713,6.3723145591743435,12096.0,1209600.0,2.0,24687.327944664765,55792.50001157408,4820472001.0
414,4FGL J2202.7+4216,BLL,1.7108146263016268e-07,0.20694013719744478,8.380821869208885,12096.0,1209600.0,2.0,18772.439650967444,55855.50001157408,4825915201.0
415,4FGL J2202.7+4216,BLL,1.7609591929346056e-07,0.21300562397736988,8.626466648133974,12096.0,1209600.0,2.0,18238.06612563266,55890.50001157408,4828939201.0
416,4FGL J2202.7+4216,BLL,1.619374534206195e-07,0.19587954365758134,7.9328813899925485,12096.0,1209600.0,2.0,19832.08293654644,55974.50001157408,4836196801.0
417,4FGL J2202.7+4216,BLL,6.810812020914581e-07,2.0595895551245693,33.364340855178135,30240.0,3024000.0,5.0,7457.338072579528,55995.50001157408,4838011201.0
418,4FGL J2202.7+4216,BLL,4.83747583988736e-07,1.17028215518555,23.697496319832027,24192.0,2419200.0,4.0,9390.356154144745,56044.50001157408,4842244801.0
419,4FGL J2202.7+4216,BLL,2.4364360022847307e-07,0.29471129883636105,11.935446317183692,12096.0,1209600.0,2.0,13183.551562743074,56289.50001157408,4863412801.0
420,4FGL J2202.7+4216,BLL,7.813703353574155e-07,3.3080094517691543,38.277236433679896,42336.0,4233600.0,7.0,7690.35901093996,56548.50001157408,4885790401.0
421,4FGL J2202.7+4216,BLL,2.3225783392239673e-06,19.665735313877175,113.77688172094959,84672.0,8467200.0,14.0,3659.6833697349866,57052.50001157408,4929336001.0
422,4FGL J2202.7+4216,BLL,6.312316034974968e-07,1.9088443689764303,30.922342758805204,30240.0,3024000.0,5.0,8045.934164171884,57164.50001157408,4939012801.0
423,4FGL J2202.7+4216,BLL,7.111679420712452e-07,2.5806862281881346,34.83820952872866,36288.0,3628800.0,6.0,7822.941791287373,57213.50001157408,4943246401.0
424,4FGL J2202.7+4216,BLL,6.666277681795993e-07,2.0158823709751084,32.65630590415877,30240.0,3024000.0,5.0,7618.934623481968,57297.50001157408,4950504001.0
425,4FGL J2202.7+4216,BLL,2.4323064497384857e-06,29.421178816036722,119.15216747154565,120960.0,12096000.0,20.0,4176.0796772771255,57353.50001157408,4955342401.0
426,4FGL J2202.7+4216,BLL,1.1126194431740924e-06,5.383297913853529,54.50424153561366,48384.0,4838400.0,8.0,5774.323337770795,57500.50001157408,4968043201.0
427,4FGL J2202.7+4216,BLL,3.9466723620544435e-07,0.954778977828211,19.333689070692227,24192.0,2419200.0,4.0,11508.816464598112,57892.50001157408,5001912001.0
428,4FGL J2202.7+4216,BLL,1.8641980065907384e-07,0.2254933908772157,9.132205898862097,12096.0,1209600.0,2.0,17228.40653662466,58004.50001157408,5011588801.0
429,4FGL J2202.7+4216,BLL,3.5750126328923655e-07,0.6486502921119908,17.51302776807098,18144.0,1814400.0,3.0,11004.005897562482,58088.50001157408,5018846401.0
430,4FGL J2202.7+4216,BLL,2.911629513141959e-06,47.54574529780293,142.6329183982085,163296.0,16329600.0,27.0,4053.1588948778312,58116.50001157408,5021265601.0
431,4FGL J2202.7+4216,BLL,6.855057226767209e-07,2.4875631664492848,33.58108624834733,36288.0,3628800.0,6.0,8115.656741415862,58326.50001157408,5039409601.0
432,4FGL J2202.7+4216,BLL,1.3716013814314768e-07,0.16590890309795145,6.719107188245056,12096.0,1209600.0,2.0,23413.478725138462,58529.50001157408,5056948801.0
433,4FGL J2202.7+4216,BLL,9.810636977722778e-07,3.5600839464760416,48.05967851204959,36288.0,3628800.0,6.0,5671.841568707968,58578.50001157408,5061182401.0
434,4FGL J2202.7+4216,BLL,6.87865466988861e-07,2.080105172174316,33.6966837913709,30240.0,3024000.0,5.0,7383.828526987595,58662.50001157408,5068440001.0
435,4FGL J2202.7+4216,BLL,4.513010996968085e-07,1.091787620386519,22.108030103257924,24192.0,2419200.0,4.0,10065.149455587982,58739.50001157408,5075092801.0
436,4FGL J2202.7+4216,BLL,2.1830584567686794e-06,15.843765055844367,106.94217698968099,72576.0,7257600.0,12.0,3604.983375858256,58809.50001157408,5081140801.0
437,4FGL J2202.7+4216,BLL,1.1751526674458073e-06,4.264393999627345,57.56757642573828,36288.0,3628800.0,6.0,4735.696033537721,58900.50001157408,5089003201.0
438,4FGL J2202.7+4216,BLL,2.6204075682199594e-05,1125.2239730541962,1283.6673661981204,429408.0,42940800.0,71.0,731.0831453607245,59061.50001157408,5102913601.0
439,4FGL J2202.7+4216,BLL,6.790164258183354e-06,102.66728358373231,332.6319300503251,151200.0,15120000.0,25.0,1673.4979509768796,59579.50001157408,5147668801.0
440,4FGL J2202.7+4216,BLL,8.663211305944618e-06,123.12848964912966,424.38747982528434,142128.0,14212800.0,23.5,1272.2156161875919,59824.50001157408,5168836801.0
441,4FGL J2232.6+1143,FSRQ,1.539392447543129e-07,0.27930736568222536,7.169280868424105,18144.0,1814400.0,3.0,26872.78924423071,56184.50001157408,4854340801.0
442,4FGL J2232.6+1143,FSRQ,5.023280618298632e-08,0.06076160235894026,2.3394495465383924,12096.0,1209600.0,2.0,67233.42518091365,56380.50001157408,4871275201.0
443,4FGL J2232.6+1143,FSRQ,5.266342583700179e-08,0.06370167989243736,2.4526487181450882,12096.0,1209600.0,2.0,64130.644038603314,57374.50001157408,4957156801.0
444,4FGL J2232.6+1143,FSRQ,4.874742750553243e-07,2.063771090874221,22.702722750009663,42336.0,4233600.0,7.0,12963.713289534953,57402.50001157408,4959576001.0
445,4FGL J2232.6+1143,FSRQ,9.155334030124925e-08,0.16611438064258666,4.26383546385223,18144.0,1814400.0,3.0,45180.719439591136,57458.50001157408,4964414401.0
446,4FGL J2232.6+1143,FSRQ,1.7716516589268294e-07,0.5357474616594732,8.25096184155476,30240.0,3024000.0,5.0,30142.66123352449,57535.50001157408,4971067201.0
447,4FGL J2232.6+1143,FSRQ,3.5460040063581203e-07,1.715698578436313,16.514501368843593,48384.0,4838400.0,8.0,19050.02549568559,57612.50001157408,4977720001.0
448,4FGL J2232.6+1143,FSRQ,2.515691341906008e-06,31.951292595279828,117.16114261293076,127008.0,12700800.0,21.0,4351.792678667908,57696.50001157408,4984977601.0
449,4FGL J2232.6+1143,FSRQ,3.294839975443189e-07,1.1956315302888243,15.344776595574398,36288.0,3628800.0,6.0,17756.14928273848,57850.50001157408,4998283201.0
450,4FGL J2232.6+1143,FSRQ,2.0849315254443787e-07,0.6304832932943801,9.709973386707734,30240.0,3024000.0,5.0,25614.070788470974,57941.50001157408,5006145601.0
451,4FGL J2232.6+1143,FSRQ,9.549634551776324e-07,6.353180874605753,44.4746967556976,66528.0,6652800.0,11.0,8296.031502080044,58081.50001157408,5018241601.0
452,4FGL J1337.6-1257,FSRQ,1.6086147654606096e-05,2407.9032701226774,811.0164957344043,1496880.0,149688000.0,247.5,2157.831169896996,54683.00001157408,4724611201.0
453,4FGL J1337.6-1257,FSRQ,3.1875157312517623e-06,106.02952328435862,160.70521631186614,332640.0,33264000.0,55.0,5133.31816358534,56426.00001157408,4875206401.0
454,4FGL J1337.6-1257,FSRQ,9.838461047828822e-06,702.1355465237708,496.0264181178779,713664.0,71366400.0,118.0,2436.290091780678,56891.50001157408,4915425601.0
455,4FGL J1337.6-1257,FSRQ,6.5639068601403126e-06,468.4424025435176,330.93297751209576,713664.0,71366400.0,118.0,3651.266693000641,57731.50001157408,4988001601.0
456,4FGL J1337.6-1257,FSRQ,7.340437876403722e-06,186.4588667612568,370.0833991768314,254016.0,25401600.0,42.0,1948.8710642585734,58564.50001157408,5059972801.0
457,4FGL J1337.6-1257,FSRQ,6.439093324176208e-06,173.2991820895488,324.6402442405071,269136.0,26913600.0,44.5,2286.5534073257363,58872.50001157408,5086584001.0
458,4FGL J1337.6-1257,FSRQ,9.676261866146919e-06,482.80676207326667,487.8488099817883,498960.0,49896000.0,82.5,2071.5521028446506,59198.00001157408,5114707201.0
459,4FGL J0428.6-3756,BLL,2.340202882166116e-06,141.5354703134067,112.9567473092724,604800.0,60480000.0,100.0,9846.237404009242,54683.00001157408,4724611201.0
460,4FGL J0428.6-3756,BLL,3.139078710332889e-07,4.366584049221462,15.151682931814266,139104.0,13910400.0,23.0,35202.10421013283,55435.50001157408,4789627201.0
461,4FGL J0428.6-3756,BLL,9.427612912626588e-06,1670.6333448400721,455.05135371660646,1772064.0,177206400.0,293.0,4183.801609586122,56009.50001157408,4839220801.0
462,4FGL J0428.6-3756,BLL,1.2026703542476905e-07,0.43642501814940193,5.805040765327388,36288.0,3628800.0,6.0,46929.6175087696,58158.50001157408,5024894401.0
463,4FGL J0428.6-3756,BLL,6.314701145715482e-08,0.21005221891107978,3.0479754857404915,33264.0,3326400.0,5.5,85572.00344504356,58298.50001157408,5036990401.0
464,4FGL J0428.6-3756,BLL,5.330747713033925e-07,10.96172313726592,25.73041538318695,205632.0,20563200.0,34.0,25203.552473113108,58599.50001157408,5062996801.0
465,4FGL J0428.6-3756,BLL,5.920628886783983e-07,11.816627957398945,28.577649663323722,199584.0,19958400.0,33.0,22356.482859768395,58942.50001157408,5092632001.0
466,4FGL J0428.6-3756,BLL,2.9345429358009695e-07,3.1946608216303676,14.164431100976275,108864.0,10886400.0,18.0,33312.505378094815,59271.50001157408,5121057601.0
467,4FGL J0428.6-3756,BLL,1.6635576328596173e-08,0.02012239312706993,0.8029648224148995,12096.0,1209600.0,2.0,195873.11113516896,59600.50001157408,5149483201.0
