,Name,Class,Photon Flux (ph/cm2/s),Fluence (ph/cm2),Photon Count,Background Counts,Duration (s),Duration (weeks),Fraction of Observation Time,MDP99,Start Time (MJD),Start Time (s),Asymmetry
0,0,0,0.0,0.0,0.0,0,0.0,0.0,0.0,,0,0,0
1,4FGL J0538.8-4405,BLL,7.602368944218759e-05,10046.439331357758,620.5584002435508,33037200.0,132148800.0,218.5,0.2520184544405998,13245.216870751861,54683.00001157408,4724611201.0,-0.2036613272311213
2,4FGL J0538.8-4405,BLL,1.3463332311747814e-05,122.13935073217617,109.89711263196386,2268000.0,9072000.0,15.0,0.01730103806228374,19596.64846592503,56282.50001157408,4862808001.0,-0.13333333333333333
3,4FGL J0538.8-4405,BLL,2.6289917986035684e-06,7.155064079079472,21.459665490655787,680400.0,2721600.0,4.5,0.005190311418685121,54967.00709059144,56968.50001157408,4922078401.0,0.0
4,4FGL J0538.8-4405,BLL,6.05391689403207e-06,29.291271500084765,49.416293928023876,1209600.0,4838400.0,8.0,0.00922722029988466,31826.994277901133,57500.50001157408,4968043201.0,0.0
5,4FGL J0538.8-4405,BLL,1.9642668998006843e-05,332.63681387984707,160.33717041825756,4233600.0,16934400.0,28.0,0.03229527104959631,18351.22066531986,58473.50001157408,5052110401.0,0.10714285714285714
6,4FGL J0538.8-4405,BLL,1.9488306176804435e-06,5.893263787865661,15.907715336192544,756000.0,3024000.0,5.0,0.0057670126874279125,78161.6454555919,58697.50001157408,5071464001.0,-0.6
7,4FGL J0538.8-4405,BLL,1.2734932749198938e-06,1.5404174653431035,10.395140714739682,302400.0,1209600.0,2.0,0.002306805074971165,75649.14479131346,58753.50001157408,5076302401.0,0.0
8,4FGL J0538.8-4405,BLL,8.58691431320039e-06,109.06068130909553,70.09238631177315,3175200.0,12700800.0,21.0,0.02422145328719723,36354.27833941211,58795.50001157408,5079931201.0,-0.7619047619047619
9,4FGL J0538.8-4405,BLL,4.9714476103501626e-05,2224.981320907436,405.8042432049515,11188800.0,44755200.0,74.0,0.0853517877739331,11787.428858088198,59369.50001157408,5129524801.0,-0.14864864864864866
10,4FGL J0538.8-4405,BLL,1.3762410277827487e-05,199.76413766472155,112.33839567860726,3628800.0,14515200.0,24.0,0.02768166089965398,24249.124247788066,60055.50001157408,5188795201.0,0.08333333333333333
11,4FGL J0538.8-4405,BLL,5.887494477423221e-05,2278.884262365161,480.5783803916585,9676800.0,38707200.0,64.0,0.07381776239907728,9256.53557329186,60237.50001157408,5204520001.0,0.671875
12,4FGL J0538.8-4405,BLL,1.511308496334859e-05,196.51846639541438,123.36354492151298,3250800.0,13003200.0,21.5,0.024798154555940023,20900.30205759787,60699.50001157408,5244436801.0,-0.3953488372093023
13,4FGL J1800.6+7828,BLL,2.7802535134444243e-06,5.885240637259157,22.787080188112284,529200.0,2116800.0,3.5,0.003972758229284903,45652.71649271197,54963.00001157408,4748803201.0,0.0
14,4FGL J1800.6+7828,BLL,1.9706777777288064e-06,2.383731839940764,16.151761819160047,302400.0,1209600.0,2.0,0.0022701475595913734,48687.629160244425,55057.50001157408,4756968001.0,0.0
15,4FGL J1800.6+7828,BLL,6.316821201044228e-06,15.281653849566197,51.77294464195625,604800.0,2419200.0,4.0,0.004540295119182747,21481.156037926998,55183.50001157408,4767854401.0,0.5
16,4FGL J1800.6+7828,BLL,2.439379519458901e-06,2.9506734667374865,19.99326192750081,302400.0,1209600.0,2.0,0.0022701475595913734,39333.050665470146,55673.50001157408,4810190401.0,0.0
17,4FGL J1800.6+7828,BLL,6.082470330179181e-06,11.036034167077105,49.85219458778588,453600.0,1814400.0,3.0,0.00340522133938706,19320.223352341905,55883.50001157408,4828334401.0,0.0
18,4FGL J1800.6+7828,BLL,1.4380621621264262e-06,1.7394799913081251,11.786420786954627,302400.0,1209600.0,2.0,0.0022701475595913734,66719.60285481671,55911.50001157408,4830753601.0,0.0
19,4FGL J1800.6+7828,BLL,6.860089128958656e-06,12.446945715582585,56.22559249480578,453600.0,1814400.0,3.0,0.00340522133938706,17130.318366448708,55974.50001157408,4836196801.0,-0.3333333333333333
20,4FGL J1800.6+7828,BLL,2.151767087033616e-06,2.6027774684758618,17.63597777010989,302400.0,1209600.0,2.0,0.0022701475595913734,44590.26484000802,56317.50001157408,4865832001.0,0.0
21,4FGL J1800.6+7828,BLL,1.795979855811226e-05,92.32773242754351,147.1992996059667,1285200.0,5140800.0,8.5,0.009648127128263337,11013.884597798866,56846.00001157408,4911494401.0,-0.7058823529411765
22,4FGL J1800.6+7828,BLL,1.7256745945517115e-06,2.609219986962188,14.143704944345554,378000.0,1512000.0,2.5,0.0028376844494892167,62162.27130109227,56912.50001157408,4917240001.0,0.0
23,4FGL J1800.6+7828,BLL,8.856332456236377e-06,42.850478956254086,72.5868906835117,1209600.0,4838400.0,8.0,0.009080590238365494,21667.64759132537,56947.50001157408,4920264001.0,0.0
24,4FGL J1800.6+7828,BLL,1.3728700107766951e-05,83.03117825177452,112.52103044612684,1512000.0,6048000.0,10.0,0.011350737797956867,15627.67574452472,57073.50001157408,4931150401.0,-0.7
25,4FGL J1800.6+7828,BLL,1.4497797056696786e-05,52.609605959341295,118.82458289663148,907200.0,3628800.0,6.0,0.00681044267877412,11463.301094619901,57248.50001157408,4946270401.0,-0.6666666666666666
26,4FGL J1800.6+7828,BLL,3.7922231830889463e-06,4.58707316226439,31.081228149302575,302400.0,1209600.0,2.0,0.0022701475595913734,25301.780119990883,57339.50001157408,4954132801.0,0.0
27,4FGL J1800.6+7828,BLL,3.41939225216728e-06,6.204145302332313,28.02548942675878,453600.0,1814400.0,3.0,0.00340522133938706,34366.2995025456,57836.50001157408,4997073601.0,0.0
28,4FGL J1800.6+7828,BLL,2.9613428227492333e-06,10.746120835192418,24.271296139062116,907200.0,3628800.0,6.0,0.00681044267877412,56117.76919424958,58207.50001157408,5029128001.0,0.0
29,4FGL J1800.6+7828,BLL,2.062287663612416e-05,99.78172631622313,169.0260047669938,1209600.0,4838400.0,8.0,0.009080590238365494,9305.372045597289,58536.50001157408,5057553601.0,0.375
30,4FGL J1800.6+7828,BLL,2.8548196996287574e-06,6.9063798173418895,23.39822793262104,604800.0,2419200.0,4.0,0.004540295119182747,47529.9505140558,58935.50001157408,5092027201.0,0.0
31,4FGL J1800.6+7828,BLL,0.00016753637235019105,6383.5378738359195,1373.1354830443431,9525600.0,38102400.0,63.0,0.07150964812712826,3214.4014692008363,58970.50001157408,5095051201.0,0.4444444444444444
32,4FGL J1800.6+7828,BLL,8.563287344531946e-05,2227.002759968356,701.8508004759226,6501600.0,26006400.0,43.0,0.04880817253121453,5195.469518055196,59607.50001157408,5150088001.0,-0.6976744186046512
33,4FGL J1800.6+7828,BLL,1.501976035998712e-06,1.8167902131440419,12.310261710819278,302400.0,1209600.0,2.0,0.0022701475595913734,63880.52614563421,60027.50001157408,5186376001.0,0.0
34,4FGL J1800.6+7828,BLL,6.497910510349037e-06,15.71974510663639,53.257160592906104,604800.0,2419200.0,4.0,0.004540295119182747,20882.52649091094,60048.50001157408,5188190401.0,0.0
35,4FGL J1800.6+7828,BLL,5.233481038908987e-05,474.7813998498233,428.93840982450445,2268000.0,9072000.0,15.0,0.0170261066969353,5021.15571143663,60090.50001157408,5191819201.0,-0.4666666666666667
36,4FGL J1800.6+7828,BLL,1.9834605525032636e-05,143.95163305847686,162.56530003932977,1814400.0,7257600.0,12.0,0.01362088535754824,11849.339998660267,60216.50001157408,5202705601.0,-0.6666666666666666
37,4FGL J1800.6+7828,BLL,9.970564324076556e-06,36.181183819209004,81.71918412288542,907200.0,3628800.0,6.0,0.00681044267877412,16667.98479556192,60461.50001157408,5223873601.0,0.0
38,4FGL J1800.6+7828,BLL,2.630588525460155e-05,326.15088774065185,215.60419358062563,3099600.0,12398400.0,20.5,0.023269012485811577,11677.41631782849,60556.00001157408,5232038401.0,0.8536585365853658
39,4FGL J1800.6+7828,BLL,1.5445852852469021e-06,1.8683303610346529,12.65948899339571,302400.0,1209600.0,2.0,0.0022701475595913734,62118.34060197784,60762.50001157408,5249880001.0,0.0
40,4FGL J2253.9+1609,FSRQ,0.0005577432829720115,4216.539219268407,4575.86901511564,1890000.0,7560000.0,12.5,0.014188422247446084,430.1485407909872,54683.00001157408,4724611201.0,-0.2
41,4FGL J2253.9+1609,FSRQ,9.011488067476907e-05,218.00591932840135,739.3256052914428,604800.0,2419200.0,4.0,0.004540295119182747,1505.1211772377521,54777.50001157408,4732776001.0,-0.25
42,4FGL J2253.9+1609,FSRQ,0.006043317073036556,310674.8440906633,49580.924033136245,12852000.0,51408000.0,85.0,0.09648127128263337,103.59597602980817,55050.50001157408,4756363201.0,0.5647058823529412
43,4FGL J2253.9+1609,FSRQ,2.519340750047307e-05,30.473945712572224,206.69317997395174,302400.0,1209600.0,2.0,0.0022701475595913734,3805.827986221516,56548.50001157408,4885790401.0,0.5
44,4FGL J2253.9+1609,FSRQ,0.0016366025103191932,27714.881550749345,13427.106960615556,4233600.0,16934400.0,28.0,0.03178206583427923,219.48058313327388,56744.50001157408,4902724801.0,-0.21428571428571427
45,4FGL J2253.9+1609,FSRQ,0.0004736360610088937,3151.005986679968,3885.831783510293,1663200.0,6652800.0,11.0,0.012485811577752554,475.1503150300334,56954.50001157408,4920868801.0,0.36363636363636365
46,4FGL J2253.9+1609,FSRQ,0.00033197159267931055,1806.987773272023,2723.5801330413797,1360800.0,5443200.0,9.0,0.01021566401816118,613.0941981090511,57045.50001157408,4928731201.0,-0.6666666666666666
47,4FGL J2253.9+1609,FSRQ,0.00018546223829194407,673.0053703138067,1521.5797941159371,907200.0,3628800.0,6.0,0.00681044267877412,895.8942017604797,57164.50001157408,4939012801.0,0.8333333333333334
48,4FGL J2253.9+1609,FSRQ,0.0008906838528628788,9696.340695806444,7307.398885848324,2721600.0,10886400.0,18.0,0.02043132803632236,323.27165174552135,57227.50001157408,4944456001.0,-0.6111111111111112
49,4FGL J2253.9+1609,FSRQ,0.0003899164299303986,1886.5716545752405,3198.974446981469,1209600.0,4838400.0,8.0,0.009080590238365494,492.2884845079757,57374.50001157408,4957156801.0,0.0
50,4FGL J2253.9+1609,FSRQ,6.007658711651271e-05,72.66863977613377,492.88373686096185,302400.0,1209600.0,2.0,0.0022701475595913734,1596.7469085894365,57451.50001157408,4963809601.0,-0.5
51,4FGL J2253.9+1609,FSRQ,2.829413457745437e-05,34.22458518488881,232.13234058613043,302400.0,1209600.0,2.0,0.0022701475595913734,3388.8933842779884,57521.50001157408,4969857601.0,0.5
52,4FGL J2253.9+1609,FSRQ,0.000662780412704753,5211.04471684985,5437.620580853192,1965600.0,7862400.0,13.0,0.014755959137343927,369.2109676874387,57542.50001157408,4971672001.0,-0.6153846153846154
53,4FGL J2253.9+1609,FSRQ,0.0008280879249963187,14023.17215705766,6793.845830989968,4233600.0,16934400.0,28.0,0.03178206583427923,433.4344710402239,57661.50001157408,4981953601.0,-0.17857142857142858
54,4FGL J2253.9+1609,FSRQ,2.248027130811443e-05,27.192136174295214,184.4339144382954,302400.0,1209600.0,2.0,0.0022701475595913734,4264.9951817492865,58109.50001157408,5020660801.0,0.0
55,4FGL J2253.9+1609,FSRQ,2.3255453077359756e-05,28.12979604237436,190.79370459134006,302400.0,1209600.0,2.0,0.0022701475595913734,4122.872002750305,58151.50001157408,5024289601.0,0.0
56,4FGL J2253.9+1609,FSRQ,0.00027984061869756237,1692.4760618828573,2295.884245249126,1512000.0,6048000.0,10.0,0.011350737797956867,766.4633986696797,59824.50001157408,5168836801.0,-0.2
57,4FGL J2147.3-7536,FSRQ,3.9145769839086195e-05,355.13042398018996,321.2820384800209,2268000.0,9072000.0,15.0,0.01764705882352941,6703.504025926891,55253.50001157408,4773902401.0,-0.26666666666666666
58,4FGL J2147.3-7536,FSRQ,3.7790553062591156e-05,228.5572649225513,310.1593345371825,1512000.0,6048000.0,10.0,0.011764705882352941,5669.850608686973,55442.50001157408,4790232001.0,0.1
59,4FGL J2147.3-7536,FSRQ,1.1885917629915501e-05,28.75441193029158,97.55158376095977,604800.0,2419200.0,4.0,0.004705882352941176,11400.991612640637,55617.50001157408,4805352001.0,0.0
60,4FGL J2147.3-7536,FSRQ,7.952012144440477e-05,1106.156697340248,652.6474462721559,3477600.0,13910400.0,23.0,0.027058823529411764,4086.3725348737644,55687.50001157408,4811400001.0,0.043478260869565216
61,4FGL J2147.3-7536,FSRQ,5.398650437513022e-06,6.530207569215751,44.308476362454634,302400.0,1209600.0,2.0,0.002352941176470588,17748.919896354524,55876.50001157408,4827729601.0,0.0
62,4FGL J2147.3-7536,FSRQ,1.3774334449621703e-05,33.32286990052482,113.05043351737396,604800.0,2419200.0,4.0,0.004705882352941176,9838.078474480533,55953.50001157408,4834382401.0,0.0
63,4FGL J2147.3-7536,FSRQ,5.747452132446992e-05,417.1270859644729,471.7120508216878,1814400.0,7257600.0,12.0,0.01411764705882353,4083.9651919075604,56030.50001157408,4841035201.0,0.5
64,4FGL J2147.3-7536,FSRQ,7.37593393108775e-06,8.921929683043743,60.536683754464775,302400.0,1209600.0,2.0,0.002352941176470588,12991.27483106603,56163.50001157408,4852526401.0,0.0
65,4FGL J2147.3-7536,FSRQ,0.00021158932881411635,6270.492077272101,1736.5822964130934,7408800.0,29635200.0,49.0,0.05764705882352941,2241.6380816327905,56212.50001157408,4856760001.0,0.20408163265306123
66,4FGL J2147.3-7536,FSRQ,1.259685102086372e-05,22.855726492255133,103.3864448457275,453600.0,1814400.0,3.0,0.0035294117647058825,9316.621378799511,56569.50001157408,4887604801.0,0.0
67,4FGL J2147.3-7536,FSRQ,1.4129801145095811e-05,59.81992612787763,115.96786405975782,1058400.0,4233600.0,7.0,0.00823529411764706,12686.653722730614,56765.50001157408,4904539201.0,0.2857142857142857
68,4FGL J2147.3-7536,FSRQ,0.00011070565897171767,1573.4373898332287,908.5972745436684,3553200.0,14212800.0,23.5,0.027647058823529413,2967.0847715311,56867.00001157408,4913308801.0,0.14893617021276595
69,4FGL J1626.0-2950,FSRQ,3.382920775530102e-05,419.42804943332413,277.76512228958575,3099600.0,12398400.0,20.5,0.02334851936218679,9064.223583154224,55292.00001157408,4777228801.0,-0.926829268292683
70,4FGL J1626.0-2950,FSRQ,1.715062160617586e-05,41.49078378966065,140.82045734681324,604800.0,2419200.0,4.0,0.004555808656036446,7898.1746423686845,55834.50001157408,4824100801.0,0.0
71,4FGL J1626.0-2950,FSRQ,5.442306577874124e-05,493.72605274474057,446.85733200587396,2268000.0,9072000.0,15.0,0.017084282460136675,4819.827042440706,56632.50001157408,4893048001.0,0.7333333333333333
72,4FGL J1626.0-2950,FSRQ,2.861059353568481e-05,103.82212182229304,234.91608404491325,907200.0,3628800.0,6.0,0.00683371298405467,5798.705166289504,56772.50001157408,4905144001.0,0.0
73,4FGL J1626.0-2950,FSRQ,5.611977100491795e-05,441.2360875490669,460.78865248039807,1965600.0,7862400.0,13.0,0.014806378132118452,4351.437326788748,56828.50001157408,4909982401.0,-0.5384615384615384
74,4FGL J1626.0-2950,FSRQ,9.178467220430509e-06,16.653410924749117,75.3626300785698,453600.0,1814400.0,3.0,0.003416856492027335,12780.639603243932,56926.50001157408,4918449601.0,0.0
75,4FGL J1626.0-2950,FSRQ,0.0002146974603818988,9089.431682728067,1762.8395784378595,10584000.0,42336000.0,70.0,0.07972665148063782,2639.2730608283296,56975.50001157408,4922683201.0,-0.18571428571428572
76,4FGL J1626.0-2950,FSRQ,3.102321920505511e-05,150.10274380173865,254.72568966556582,1209600.0,4838400.0,8.0,0.009111617312072893,6174.899637837515,57479.50001157408,4966228801.0,0.0
77,4FGL J1626.0-2950,FSRQ,1.1092833240691729e-05,43.60814603580732,91.0811214949572,982800.0,3931200.0,6.5,0.007403189066059226,15565.402846050907,57595.00001157408,4976208001.0,0.0
78,4FGL J1626.0-2950,FSRQ,2.5411242104563317e-05,207.47770953533856,208.646824417526,2041200.0,8164800.0,13.5,0.015375854214123007,9792.401985318924,59149.00001157408,5110473601.0,0.0
79,4FGL J1626.0-2950,FSRQ,3.977160967572831e-05,457.0235211057291,326.5570422204541,2872800.0,11491200.0,19.0,0.02164009111617312,7422.571024150099,59800.00001157408,5166720001.0,0.0
80,4FGL J1626.0-2950,FSRQ,9.925332210252967e-05,3181.505688003327,814.9499494896313,8013600.0,32054400.0,53.0,0.06036446469248292,4967.535878528827,60398.50001157408,5218430401.0,0.9622641509433962
81,4FGL J1512.8-0906,FSRQ,8.503811723717617e-05,308.58631983026487,695.8576199058602,907200.0,3628800.0,6.0,0.00681044267877412,1958.0945898071495,54693.50001157408,4725518401.0,0.16666666666666666
82,4FGL J1512.8-0906,FSRQ,4.307002753811809e-05,156.29251593032293,352.4373284084475,907200.0,3628800.0,6.0,0.00681044267877412,3865.360468068752,54833.50001157408,4737614401.0,-0.5
83,4FGL J1512.8-0906,FSRQ,0.0002925644962704404,3715.80315423161,2394.0232998797505,3175200.0,12700800.0,21.0,0.02383654937570942,1064.772606733479,54889.50001157408,4742452801.0,-0.6666666666666666
84,4FGL J1512.8-0906,FSRQ,2.019694639305757e-05,36.64533953556366,165.26940509796717,453600.0,1814400.0,3.0,0.00340522133938706,5828.532197379794,55050.50001157408,4756363201.0,0.0
85,4FGL J1512.8-0906,FSRQ,0.00019403551148934348,1642.9374828825692,1587.7713852202207,2116800.0,8467200.0,14.0,0.015891032917139614,1310.8433554553383,55141.50001157408,4764225601.0,0.35714285714285715
86,4FGL J1512.8-0906,FSRQ,0.00011869444723589564,933.2232219475059,971.2636901314671,1965600.0,7862400.0,13.0,0.014755959137343927,2064.6846478330294,55267.50001157408,4775112001.0,-0.9230769230769231
87,4FGL J1512.8-0906,FSRQ,9.166548624066582e-05,554.3928607835469,750.0886561850841,1512000.0,6048000.0,10.0,0.011350737797956867,2344.8066301926992,55379.50001157408,4784788801.0,-0.5
88,4FGL J1512.8-0906,FSRQ,1.2042606384013283e-05,14.566736682102468,98.54333195630934,302400.0,1209600.0,2.0,0.0022701475595913734,7981.241254131423,55610.50001157408,4804747201.0,-0.5
89,4FGL J1512.8-0906,FSRQ,3.449065436257922e-05,83.43979103395165,282.2332553153905,604800.0,2419200.0,4.0,0.004540295119182747,3941.259703769226,55652.50001157408,4808376001.0,-0.5
90,4FGL J1512.8-0906,FSRQ,0.00013619951690782084,823.7346782585005,1114.5057622039067,1512000.0,6048000.0,10.0,0.011350737797956867,1578.3002184537743,55729.50001157408,4815028801.0,-0.7
91,4FGL J1512.8-0906,FSRQ,0.0002043307592999901,3707.37729673902,1672.0162729318895,4536000.0,18144000.0,30.0,0.0340522133938706,1821.847782998766,55834.50001157408,4824100801.0,-0.7
92,4FGL J1512.8-0906,FSRQ,2.282585523767224e-05,41.41523174323251,186.781478871436,453600.0,1814400.0,3.0,0.00340522133938706,5157.368321077719,56156.50001157408,4851921601.0,0.0
93,4FGL J1512.8-0906,FSRQ,1.6702229246324306e-05,30.30452474453082,136.67251660868524,453600.0,1814400.0,3.0,0.00340522133938706,7047.852185275315,56254.50001157408,4860388801.0,0.6666666666666666
94,4FGL J1512.8-0906,FSRQ,0.00013766352003685773,915.8478661012072,1126.4855398142813,1663200.0,6652800.0,11.0,0.012485811577752554,1637.6823875751488,56296.50001157408,4864017601.0,0.5454545454545454
95,4FGL J1512.8-0906,FSRQ,2.0181204423928145e-05,36.61677730677523,165.1405902849524,453600.0,1814400.0,3.0,0.00340522133938706,5833.077806404448,56394.50001157408,4872484801.0,0.0
96,4FGL J1512.8-0906,FSRQ,2.098404484952903e-05,38.07345097498547,171.71014574870634,453600.0,1814400.0,3.0,0.00340522133938706,5609.947397175358,56443.50001157408,4876718401.0,0.0
97,4FGL J1512.8-0906,FSRQ,1.1837960785330705e-05,14.31919736593602,96.86873938711716,302400.0,1209600.0,2.0,0.0022701475595913734,8119.192366152207,56471.50001157408,4879137601.0,0.0
98,4FGL J1512.8-0906,FSRQ,0.00025974249063558065,2984.7529083915842,2125.4444147439276,2872800.0,11491200.0,19.0,0.021566401816118047,1140.7739073517807,56499.50001157408,4881556801.0,-0.21052631578947367
99,4FGL J1512.8-0906,FSRQ,3.162561598102312e-05,95.63586272661392,258.7889593467,756000.0,3024000.0,5.0,0.0056753688989784334,4805.355372166209,56667.50001157408,4896072001.0,-0.3
100,4FGL J1512.8-0906,FSRQ,7.996920317749998e-06,9.673074816350397,65.43792501151,302400.0,1209600.0,2.0,0.0022701475595913734,12018.33749894612,56744.50001157408,4902724801.0,0.0
101,4FGL J1512.8-0906,FSRQ,0.00020036378307937397,1938.880256102486,1639.5549400521638,2419200.0,9676800.0,16.0,0.018161180476730987,1357.0413052611025,56772.50001157408,4905144001.0,-0.0625
102,4FGL J1512.8-0906,FSRQ,0.0001267858193684222,766.8006355402175,1037.474504021066,1512000.0,6048000.0,10.0,0.011350737797956867,1695.4439896191516,56898.50001157408,4916030401.0,0.7
103,4FGL J1512.8-0906,FSRQ,3.767053212672391e-05,91.13255132097048,308.2538475443768,604800.0,2419200.0,4.0,0.004540295119182747,3608.6442467968245,57038.50001157408,4928126401.0,0.25
104,4FGL J1512.8-0906,FSRQ,0.00028085247123814513,5265.646812749736,2298.1850789967516,4687200.0,18748800.0,31.0,0.03518728717366629,1347.4548529017525,57080.50001157408,4931755201.0,-0.7096774193548387
105,4FGL J1512.8-0906,FSRQ,7.146853984760825e-06,8.644834579966695,58.481925108711685,302400.0,1209600.0,2.0,0.0022701475595913734,13447.676751212126,57374.50001157408,4957156801.0,0.0
106,4FGL J1512.8-0906,FSRQ,2.912264288944389e-05,70.45349767814265,238.3074040773494,604800.0,2419200.0,4.0,0.004540295119182747,4667.560306018692,57535.50001157408,4971067201.0,0.0
107,4FGL J1512.8-0906,FSRQ,0.00013048518211383804,1025.9266958518401,1067.74598507954,1965600.0,7862400.0,13.0,0.014755959137343927,1878.1643292727856,57598.50001157408,4976510401.0,0.0
108,4FGL J1512.8-0906,FSRQ,1.5427129746840547e-05,27.990984212667488,126.23851675448779,453600.0,1814400.0,3.0,0.00340522133938706,7630.291009928742,57745.50001157408,4989211201.0,0.6666666666666666
109,4FGL J1512.8-0906,FSRQ,2.1597981645576766e-05,39.187377897734486,176.7339234562829,453600.0,1814400.0,3.0,0.00340522133938706,5450.511133896896,57787.50001157408,4992840001.0,0.0
110,4FGL J1512.8-0906,FSRQ,8.595115144668306e-06,10.396651278990783,70.33288790607176,302400.0,1209600.0,2.0,0.0022701475595913734,11181.986908584411,57990.50001157408,5010379201.0,0.0
111,4FGL J1512.8-0906,FSRQ,5.937870755620668e-05,251.3856963099566,485.88947469176327,1058400.0,4233600.0,7.0,0.007945516458569807,3028.4689579374754,58214.50001157408,5029732801.0,-0.42857142857142855
112,4FGL J1512.8-0906,FSRQ,1.574196912942913e-05,19.041485858957476,128.81481301478345,302400.0,1209600.0,2.0,0.0022701475595913734,6105.955052503501,58333.50001157408,5040014401.0,0.0
113,4FGL J1512.8-0906,FSRQ,1.8732943264020663e-05,39.65389430127894,153.28962748759233,529200.0,2116800.0,3.5,0.003972758229284903,6787.284860437816,58403.50001157408,5046062401.0,0.0
114,4FGL J1512.8-0906,FSRQ,8.203140113345519e-05,297.6755484330822,671.2539906200367,907200.0,3628800.0,6.0,0.00681044267877412,2029.837583640678,58494.50001157408,5053924801.0,0.16666666666666666
115,4FGL J1512.8-0906,FSRQ,0.00018813227306580752,1137.823987502004,1539.4658303396768,1512000.0,6048000.0,10.0,0.011350737797956867,1142.780598350624,58557.50001157408,5059368001.0,0.4
116,4FGL J1512.8-0906,FSRQ,6.1031614314796744e-05,221.47152202553443,499.4150300583155,907200.0,3628800.0,6.0,0.00681044267877412,2728.0068519166066,58683.50001157408,5070254401.0,-0.3333333333333333
117,4FGL J1512.8-0906,FSRQ,7.666338966031985e-06,9.273203613312289,62.73281393819955,302400.0,1209600.0,2.0,0.0022701475595913734,12536.525970931978,58739.50001157408,5075092801.0,0.0
118,4FGL J1512.8-0906,FSRQ,7.209821861278541e-06,8.721000523402523,58.997184360770824,302400.0,1209600.0,2.0,0.0022701475595913734,13330.241147172435,58774.50001157408,5078116801.0,0.0
119,4FGL J1512.8-0906,FSRQ,8.851709241478e-05,588.8865124170484,724.3256935821274,1663200.0,6652800.0,11.0,0.012485811577752554,2546.64806717013,58858.50001157408,5085374401.0,0.0
120,4FGL J1512.8-0906,FSRQ,3.1436712351469975e-05,76.05169452067616,257.24318159052257,604800.0,2419200.0,4.0,0.004540295119182747,4324.046914824949,59019.50001157408,5099284801.0,0.0
121,4FGL J1512.8-0906,FSRQ,8.68956695944488e-06,10.510900194144526,71.10577678416047,302400.0,1209600.0,2.0,0.0022701475595913734,11060.45770374025,59110.50001157408,5107147201.0,0.0
122,4FGL J1512.8-0906,FSRQ,2.6131668754852356e-05,79.02216631467353,213.83258960454054,756000.0,3024000.0,5.0,0.0056753688989784334,5815.465057234882,59292.50001157408,5122872001.0,0.0
123,4FGL J1512.8-0906,FSRQ,3.464807405387352e-05,83.82062075113082,283.52140344553834,604800.0,2419200.0,4.0,0.004540295119182747,3923.357202506576,59383.50001157408,5130734401.0,0.0
124,4FGL J1256.1-0547,FSRQ,0.00016793118895463592,1726.6013123559846,1370.2377420498199,2570400.0,10281600.0,17.0,0.019296254256526674,1673.6174480059574,54777.50001157408,4732776001.0,0.7058823529411765
125,4FGL J1256.1-0547,FSRQ,9.01027445392076e-06,10.89882797946255,73.51950641119264,302400.0,1209600.0,2.0,0.0022701475595913734,10697.372887764612,55008.50001157408,4752734401.0,0.0
126,4FGL J1256.1-0547,FSRQ,9.754941388181891e-05,766.972511704413,795.956304768465,1965600.0,7862400.0,13.0,0.014755959137343927,2519.3139795873735,55029.50001157408,4754548801.0,-0.7692307692307693
127,4FGL J1256.1-0547,FSRQ,2.350293932937031e-05,71.07288853201582,191.7726821246402,756000.0,3024000.0,5.0,0.0056753688989784334,6484.332393522873,55155.50001157408,4765435201.0,0.0
128,4FGL J1256.1-0547,FSRQ,2.865306366474584e-05,69.31749161775313,233.7952199540312,604800.0,2419200.0,4.0,0.004540295119182747,4757.625209229176,55449.50001157408,4790836801.0,-0.25
129,4FGL J1256.1-0547,FSRQ,3.073461296917656e-05,130.11805746630588,250.77966123991413,1058400.0,4233600.0,7.0,0.007945516458569807,5867.05401987674,55512.50001157408,4796280001.0,0.0
130,4FGL J1256.1-0547,FSRQ,1.6085587582596063e-05,29.185690109862296,131.25065895100113,453600.0,1814400.0,3.0,0.00340522133938706,7338.949361761113,55652.50001157408,4808376001.0,0.0
131,4FGL J1256.1-0547,FSRQ,5.364142784986014e-05,259.5386845087633,437.6882545455926,1209600.0,4838400.0,8.0,0.009080590238365494,3593.938107404351,55687.50001157408,4811400001.0,-0.375
132,4FGL J1256.1-0547,FSRQ,0.00026548060283645476,4014.0667148871958,2166.194046818285,3780000.0,15120000.0,25.0,0.028376844494892167,1283.8343273766525,56618.50001157408,4891838401.0,0.48
133,4FGL J1256.1-0547,FSRQ,2.0795947980415805e-05,37.73216801566644,169.68493453689575,453600.0,1814400.0,3.0,0.00340522133938706,5676.890162571799,56849.50001157408,4911796801.0,0.6666666666666666
134,4FGL J1256.1-0547,FSRQ,3.1242784630352136e-05,113.37381686662184,254.9260976101766,907200.0,3628800.0,6.0,0.00681044267877412,5343.604056408995,56877.50001157408,4914216001.0,-0.6666666666666666
135,4FGL J1256.1-0547,FSRQ,4.284278004987918e-05,103.64525349666772,349.5764816775146,604800.0,2419200.0,4.0,0.004540295119182747,3182.18333647256,56968.50001157408,4922078401.0,0.25
136,4FGL J1256.1-0547,FSRQ,1.065205982079569e-05,12.884731559234467,86.91568545357913,302400.0,1209600.0,2.0,0.0022701475595913734,9048.803862073964,57143.50001157408,4937198401.0,0.0
137,4FGL J1256.1-0547,FSRQ,3.921717069803037e-05,142.3112690290126,319.99325295891106,907200.0,3628800.0,6.0,0.00681044267877412,4257.192779899542,57178.50001157408,4940222401.0,-0.8333333333333334
138,4FGL J1256.1-0547,FSRQ,5.697386124333842e-06,6.891558255994215,46.48793084351985,302400.0,1209600.0,2.0,0.0022701475595913734,16916.87319619467,57262.50001157408,4947480001.0,0.0
139,4FGL J1256.1-0547,FSRQ,5.443300293746055e-06,6.584216035315228,44.41471265838861,302400.0,1209600.0,2.0,0.0022701475595913734,17706.469067026144,57304.50001157408,4951108801.0,0.0
140,4FGL J1256.1-0547,FSRQ,1.7199656224404053e-05,31.207056253558715,140.340923301192,453600.0,1814400.0,3.0,0.00340522133938706,6863.654350083011,57332.50001157408,4953528001.0,0.0
141,4FGL J1256.1-0547,FSRQ,2.3424759073804838e-05,70.83647143918583,191.1347688369075,756000.0,3024000.0,5.0,0.0056753688989784334,6505.971142524136,57402.50001157408,4959576001.0,0.0
142,4FGL J1256.1-0547,FSRQ,7.085085660620987e-06,8.570119615087146,57.81089170077512,302400.0,1209600.0,2.0,0.0022701475595913734,13603.75405239116,57514.50001157408,4969252801.0,0.0
143,4FGL J1256.1-0547,FSRQ,8.765961155278656e-06,10.603306613425064,71.52602738702798,302400.0,1209600.0,2.0,0.0022701475595913734,10995.479711307491,57542.50001157408,4971672001.0,-0.5
144,4FGL J1256.1-0547,FSRQ,1.9457111103857085e-05,47.07064318245106,158.76066948447345,604800.0,2419200.0,4.0,0.004540295119182747,7005.772027661111,57752.50001157408,4989816001.0,0.0
145,4FGL J1256.1-0547,FSRQ,0.0004353467531163362,9742.015502536125,3552.22014273949,5594400.0,22377600.0,37.0,0.04199772985244041,952.4688002939964,57801.50001157408,4994049601.0,-0.7027027027027027
146,4FGL J1256.1-0547,FSRQ,8.56073798441929e-06,10.355068665953572,69.85150500672965,302400.0,1209600.0,2.0,0.0022701475595913734,11259.03881246585,58074.50001157408,5017636801.0,0.5
147,4FGL J1256.1-0547,FSRQ,0.0005366195016694606,11683.709085948833,4378.557067836224,5443200.0,21772800.0,36.0,0.04086265607264472,762.2663947139014,58095.50001157408,5019451201.0,-0.6944444444444444
148,4FGL J1256.1-0547,FSRQ,0.00011674266662314248,917.8775420577955,952.5640169068406,1965600.0,7862400.0,13.0,0.014755959137343927,2105.206222548869,58396.50001157408,5045457601.0,0.15384615384615385
149,4FGL J1256.1-0547,FSRQ,3.4282042065459895e-05,114.0357847265458,279.724976670785,831600.0,3326400.0,5.5,0.006242905788876277,4662.674096441532,58550.50001157408,5058763201.0,0.2727272727272727
150,4FGL J1256.1-0547,FSRQ,1.4746750706037336e-05,26.756504481034142,120.32639389857883,453600.0,1814400.0,3.0,0.00340522133938706,8005.145942702397,58662.50001157408,5068440001.0,0.0
151,4FGL J1256.1-0547,FSRQ,6.948270213381409e-06,8.404627650106152,56.69454344724289,302400.0,1209600.0,2.0,0.0022701475595913734,13871.594214764425,58690.50001157408,5070859201.0,0.0
152,4FGL J1256.1-0547,FSRQ,5.930949637835693e-05,358.7038340963027,483.93696790621266,1512000.0,6048000.0,10.0,0.011350737797956867,3634.064438597261,58746.50001157408,5075697601.0,-0.7
153,4FGL J1256.1-0547,FSRQ,5.0240586732762067e-05,243.08405484779598,409.9390265292205,1209600.0,4838400.0,8.0,0.009080590238365494,3837.171770816638,58830.50001157408,5082955201.0,0.0
154,4FGL J1256.1-0547,FSRQ,4.2940505369336025e-05,233.73375882636986,350.37387328718046,1360800.0,5443200.0,9.0,0.01021566401816118,4761.64897790939,58914.50001157408,5090212801.0,0.0
155,4FGL J1256.1-0547,FSRQ,0.00010805488572342931,980.2739232829507,881.6759028075453,2268000.0,9072000.0,15.0,0.0170261066969353,2443.053570180512,58991.50001157408,5096865601.0,-0.8
156,4FGL J1256.1-0547,FSRQ,4.4367295033405906e-05,187.83338025342724,362.01579078830207,1058400.0,4233600.0,7.0,0.007945516458569807,4064.5053455942993,59187.50001157408,5113800001.0,0.0
157,4FGL J1256.1-0547,FSRQ,0.00042934641850168626,14281.779265040092,3503.260297906005,8316000.0,33264000.0,55.0,0.06242905788876277,1177.3682723779323,59264.50001157408,5120452801.0,-0.05454545454545454
158,4FGL J1229.0+0202,FSRQ,0.0012426402321829013,12024.780998787499,10234.227250355558,2419200.0,9676800.0,16.0,0.018161180476730987,217.78780314209328,54707.50001157408,4726728001.0,-0.4375
159,4FGL J1229.0+0202,FSRQ,9.449006107885036e-05,171.4427668214661,778.2081514310703,453600.0,1814400.0,3.0,0.00340522133938706,1238.6511471135623,54889.50001157408,4742452801.0,0.0
160,4FGL J1229.0+0202,FSRQ,0.0006808560492458279,4117.817385838767,5607.444015007128,1512000.0,6048000.0,10.0,0.011350737797956867,314.1599472040152,54931.50001157408,4746081601.0,-0.7
161,4FGL J1229.0+0202,FSRQ,4.4247249413827135e-05,53.5214728909653,364.4147308097269,302400.0,1209600.0,2.0,0.0022701475595913734,2159.198291241006,55008.50001157408,4752734401.0,0.0
162,4FGL J1229.0+0202,FSRQ,0.0024237659956685307,54238.06594467211,19961.829143243936,5594400.0,22377600.0,37.0,0.04199772985244041,169.74066625213206,55029.50001157408,4754548801.0,-0.5405405405405406
163,4FGL J1229.0+0202,FSRQ,0.0004057796531609513,2208.73980808569,3341.9497264501792,1360800.0,5443200.0,9.0,0.01021566401816118,499.7650797475299,55316.50001157408,4779345601.0,0.8888888888888888
164,4FGL J1229.0+0202,FSRQ,0.0013018763872247186,22046.495491818274,10722.088705694327,4233600.0,16934400.0,28.0,0.03178206583427923,274.7646189170807,55414.50001157408,4787812801.0,0.39285714285714285
165,4FGL J1229.0+0202,FSRQ,0.000122669203659472,222.57100311974597,1010.2879935456658,453600.0,1814400.0,3.0,0.00340522133938706,954.3561479147451,55645.50001157408,4807771201.0,0.0
166,4FGL J1229.0+0202,FSRQ,3.0217633746028287e-05,36.551249779195814,248.8685966505453,302400.0,1209600.0,2.0,0.0022701475595913734,3161.0798467911773,55694.50001157408,4812004801.0,0.0
167,4FGL J1229.0+0202,FSRQ,0.00011523470646798883,278.77580188735857,949.0584181792619,604800.0,2419200.0,4.0,0.004540295119182747,1172.7068598334286,56023.50001157408,4840430401.0,0.0
168,4FGL J1229.0+0202,FSRQ,8.897414380774996e-05,161.43468652478154,732.7797568043833,453600.0,1814400.0,3.0,0.00340522133938706,1315.3750808287575,56268.50001157408,4861598401.0,0.0
169,4FGL J1229.0+0202,FSRQ,0.00013394086069172065,243.02229763905794,1103.119930391504,453600.0,1814400.0,3.0,0.00340522133938706,874.1325117814641,56709.50001157408,4899700801.0,0.0
170,4FGL J1229.0+0202,FSRQ,0.00024689725350425496,746.6172945968669,2033.414446442352,756000.0,3024000.0,5.0,0.0056753688989784334,612.2859695496304,56884.50001157408,4914820801.0,0.2
171,4FGL J1229.0+0202,FSRQ,0.00014245455908841906,344.6260693467034,1173.237669923999,604800.0,2419200.0,4.0,0.004540295119182747,948.8045548513339,57248.50001157408,4946270401.0,0.0
172,4FGL J1229.0+0202,FSRQ,0.0008519693958949643,8759.608540833666,7016.71182223065,2570400.0,10281600.0,17.0,0.019296254256526674,327.18600367524135,57290.50001157408,4949899201.0,0.47058823529411764
173,4FGL J1229.0+0202,FSRQ,0.00027987284588583346,1354.1367775340166,2304.997240406241,1209600.0,4838400.0,8.0,0.009080590238365494,682.9673084313282,57451.50001157408,4963809601.0,-0.75
174,4FGL J1229.0+0202,FSRQ,0.0001795071338008109,542.8295726136522,1478.3979729597866,756000.0,3024000.0,5.0,0.0056753688989784334,841.8404800633944,57654.50001157408,4981348801.0,0.0
175,4FGL J1229.0+0202,FSRQ,0.0002961807752090868,1433.0410627716456,2439.3072766938367,1209600.0,4838400.0,8.0,0.009080590238365494,645.3983910631961,57724.50001157408,4987396801.0,0.0
176,4FGL J1229.0+0202,FSRQ,4.472689439392283e-05,54.10165145888905,368.36502599465626,302400.0,1209600.0,2.0,0.0022701475595913734,2136.057284664371,57843.50001157408,4997678401.0,0.0
177,4FGL J1229.0+0202,FSRQ,4.0170267083013796e-05,48.58995506361349,330.83722173782803,302400.0,1209600.0,2.0,0.0022701475595913734,2378.208918053243,58011.50001157408,5012193601.0,0.0
178,4FGL J1229.0+0202,FSRQ,4.196893575837262e-05,50.76562469332752,345.6508286813128,302400.0,1209600.0,2.0,0.0022701475595913734,2276.341371066947,58172.50001157408,5026104001.0,0.0
179,4FGL J1229.0+0202,FSRQ,8.53768064570323e-05,232.3615164534591,703.1525429174136,680400.0,2721600.0,4.5,0.00510783200908059,1678.3901843242581,58750.00001157408,5076000001.0,0.0
180,4FGL J1229.0+0202,FSRQ,0.00043959462425769726,3190.4019450126634,3620.445536987694,1814400.0,7257600.0,12.0,0.01362088535754824,532.5659551789611,59187.50001157408,5113800001.0,-0.4166666666666667
181,4FGL J1229.0+0202,FSRQ,0.0002819113370512401,1193.49983654013,2321.78599494219,1058400.0,4233600.0,7.0,0.007945516458569807,634.3290408111625,59348.50001157408,5127710401.0,0.0
182,4FGL J1229.0+0202,FSRQ,0.0002418609812132502,1170.2201715021897,1991.9363470005947,1209600.0,4838400.0,8.0,0.009080590238365494,790.2031713384716,59551.50001157408,5145249601.0,0.0
183,4FGL J1229.0+0202,FSRQ,7.662328557028602e-05,92.68352622581797,631.0596557924541,302400.0,1209600.0,2.0,0.0022701475595913734,1247.4099201101951,60139.50001157408,5196052801.0,0.0
184,4FGL J1229.0+0202,FSRQ,0.00038287660536138226,1852.510167380512,3153.3231313698057,1209600.0,4838400.0,8.0,0.009080590238365494,499.40604800209496,60335.50001157408,5212987201.0,-0.375
185,4FGL J1229.0+0202,FSRQ,5.935606628684128e-05,71.79709778056322,488.8490291349997,302400.0,1209600.0,2.0,0.0022701475595913734,1609.9149113268481,60433.50001157408,5221454401.0,0.0
186,4FGL J1229.0+0202,FSRQ,7.302594821956836e-05,88.33218696638988,601.4324419054843,302400.0,1209600.0,2.0,0.0022701475595913734,1308.7946998136938,60454.50001157408,5223268801.0,0.0
187,4FGL J1229.0+0202,FSRQ,5.240121407545382e-05,63.384508545668936,431.5697489535249,302400.0,1209600.0,2.0,0.0022701475595913734,1823.4153912102163,60489.50001157408,5226292801.0,0.0
188,4FGL J1229.0+0202,FSRQ,0.0015696381973631358,26580.881089426286,12927.340992681098,4233600.0,16934400.0,28.0,0.03178206583427923,227.95220375306454,60531.50001157408,5229921601.0,0.3392857142857143
189,4FGL J1229.0+0202,FSRQ,0.0012500747293743846,12474.745739372858,10295.456825721962,2494800.0,9979200.0,16.5,0.01872871736662883,219.83789423666096,60734.50001157408,5247460801.0,-0.45454545454545453
190,4FGL J1224.9+2122,FSRQ,0.0006492532346351164,31806.136860892788,5323.835156802766,12247200.0,48988800.0,81.0,0.09204545454545454,940.2085920181785,55078.50001157408,4758782401.0,0.0
191,4FGL J1224.9+2122,FSRQ,1.5963894489127068e-05,38.6198535480962,130.90291767043556,604800.0,2419200.0,4.0,0.004545454545454545,8496.490896198335,55694.50001157408,4812004801.0,0.0
192,4FGL J1224.9+2122,FSRQ,7.501933235010744e-06,9.074338441068996,61.515374541003645,302400.0,1209600.0,2.0,0.0022727272727272726,12784.608307494873,55771.50001157408,4818657601.0,0.0
193,4FGL J1224.9+2122,FSRQ,8.27818446188754e-05,1151.5285713864043,678.8058514250421,3477600.0,13910400.0,23.0,0.026136363636363635,3928.9152005716055,56044.50001157408,4842244801.0,0.0
194,4FGL J1224.9+2122,FSRQ,2.7676236322215138e-05,100.43152636605429,226.94337444926018,907200.0,3628800.0,6.0,0.006818181818181818,6002.392135544471,56226.50001157408,4857969601.0,0.0
195,4FGL J1224.9+2122,FSRQ,0.00036396033672891247,10345.790947721374,2984.4515714244144,7106400.0,28425600.0,47.0,0.053409090909090906,1277.578226145584,56436.50001157408,4876113601.0,0.5957446808510638
196,4FGL J1224.9+2122,FSRQ,9.61399487704302e-06,17.443632304906856,78.8341454355458,453600.0,1814400.0,3.0,0.003409090909090909,12217.882167504144,56772.50001157408,4905144001.0,0.0
197,4FGL J1224.9+2122,FSRQ,0.00016651000257086917,2719.041737981265,1365.3714118872492,4082400.0,16329600.0,27.0,0.03068181818181818,2116.4870873398027,56814.50001157408,4908772801.0,0.6666666666666666
198,4FGL J1224.9+2122,FSRQ,4.196693912090106e-06,5.076320956064191,34.412622686557796,302400.0,1209600.0,2.0,0.0022727272727272726,22852.507899507294,57024.50001157408,4926916801.0,0.0
199,4FGL J1224.9+2122,FSRQ,6.363614298071271e-06,11.546141782420515,52.18123178615299,453600.0,1814400.0,3.0,0.003409090909090909,18457.939253014916,57640.50001157408,4980139201.0,0.0
200,4FGL J1224.9+2122,FSRQ,6.720196133739057e-06,8.128749243370764,55.10518011899779,302400.0,1209600.0,2.0,0.0022727272727272726,14271.646202230684,58235.50001157408,5031547201.0,0.0
201,4FGL J0841.3+7053,FSRQ,0.00021634243247444572,1046.7512252843583,1782.168512415372,1209600.0,4838400.0,8.0,0.00909090909090909,883.1365508673375,55617.50001157408,4805352001.0,-0.125
202,4FGL J0841.3+7053,FSRQ,7.58063883390458e-05,183.3908146698196,624.4718467503466,604800.0,2419200.0,4.0,0.004545454545454545,1781.7762244656983,55687.50001157408,4811400001.0,0.0
203,4FGL J0841.3+7053,FSRQ,6.299891633655862e-05,152.4069784014026,518.9674708153564,604800.0,2419200.0,4.0,0.004545454545454545,2143.8186360748327,55806.50001157408,4821681601.0,-0.75
204,4FGL J0841.3+7053,FSRQ,0.0003339173331098912,2524.4150383107776,2750.717693296047,1890000.0,7560000.0,12.5,0.014204545454545454,715.2151845549963,55852.00001157408,4825612801.0,-0.68
205,4FGL J0841.3+7053,FSRQ,4.084545125117536e-05,74.10998675013258,336.4734151440223,453600.0,1814400.0,3.0,0.003409090909090909,2863.4052767094026,55953.50001157408,4834382401.0,0.0
206,4FGL J0841.3+7053,FSRQ,0.0007429602970379752,13929.61401710559,6120.299343090038,4687200.0,18748800.0,31.0,0.035227272727272725,506.17823893477396,56758.50001157408,4903934401.0,0.6774193548387096
207,4FGL J0841.3+7053,FSRQ,1.788430775122085e-05,21.63285865587674,147.32593035967076,302400.0,1209600.0,2.0,0.0022727272727272726,5338.921121238235,57031.50001157408,4927521601.0,0.0
208,4FGL J0841.3+7053,FSRQ,4.5229991215990794e-05,82.0652960622937,372.5920303289738,453600.0,1814400.0,3.0,0.003409090909090909,2585.9331474454166,57143.50001157408,4937198401.0,0.0
209,4FGL J0841.3+7053,FSRQ,0.0003935701531575117,3570.468429444946,3242.120957786046,2268000.0,9072000.0,15.0,0.017045454545454544,664.7196859230216,57178.50001157408,4940222401.0,0.0
210,4FGL J0841.3+7053,FSRQ,0.001392229897985684,37469.918582427505,11468.80090907006,6728400.0,26913600.0,44.5,0.05056818181818182,323.7007793526805,57290.50001157408,4949899201.0,-0.7078651685393258
211,4FGL J0841.3+7053,FSRQ,7.026802206769999e-05,191.24144885945228,578.8483328325129,680400.0,2721600.0,4.5,0.005113636363636364,2038.6283621700381,58001.00001157408,5011286401.0,0.0
212,4FGL J0841.3+7053,FSRQ,7.511409255512757e-05,181.7160127093646,618.7689075106173,604800.0,2419200.0,4.0,0.004545454545454545,1798.1896558554538,58130.50001157408,5022475201.0,0.0
213,4FGL J0841.3+7053,FSRQ,5.676825428129457e-05,137.33376075730783,467.64101765779367,604800.0,2419200.0,4.0,0.004545454545454545,2379.014935831125,58340.50001157408,5040619201.0,0.0
214,4FGL J0841.3+7053,FSRQ,4.396078227880738e-05,132.93740561111352,362.13664172280363,756000.0,3024000.0,5.0,0.005681818181818182,3434.222724324242,58389.50001157408,5044852801.0,0.0
215,4FGL J0841.3+7053,FSRQ,4.9614531180806225e-05,90.02060537445482,408.71064551392533,453600.0,1814400.0,3.0,0.003409090909090909,2357.502600088193,59978.50001157408,5182142401.0,0.6666666666666666
216,4FGL J0403.9-3605,FSRQ,5.646914639131306e-06,6.830507947493228,46.29555976667583,302400.0,1209600.0,2.0,0.0022727272727272726,16987.162161819528,54910.50001157408,4744267201.0,0.0
217,4FGL J0403.9-3605,FSRQ,2.9914790128158788e-05,153.7859530908387,245.25285802775818,1285200.0,5140800.0,8.5,0.009659090909090909,6610.719846968724,54994.50001157408,4751524801.0,-0.29411764705882354
218,4FGL J0403.9-3605,FSRQ,8.986562315280127e-05,815.2609332422131,736.7526505199821,2268000.0,9072000.0,15.0,0.017045454545454544,2923.522117548119,55211.50001157408,4770273601.0,0.0
219,4FGL J0403.9-3605,FSRQ,0.0001520509714794313,3862.3379571319224,1246.5718516315346,6350400.0,25401600.0,42.0,0.04772727272727273,2891.091811480376,55351.50001157408,4782369601.0,0.16666666666666666
220,4FGL J0403.9-3605,FSRQ,4.451708779928667e-06,10.769573880403431,36.49680631912787,604800.0,2419200.0,4.0,0.004545454545454545,30471.944543417347,55806.50001157408,4821681601.0,0.125
221,4FGL J0403.9-3605,FSRQ,9.838796058363749e-06,11.90100771219679,80.66220229285848,302400.0,1209600.0,2.0,0.0022727272727272726,9750.227964341539,55925.50001157408,4831963201.0,0.0
222,4FGL J0403.9-3605,FSRQ,3.932054058536216e-06,4.756212589205407,32.23647873323746,302400.0,1209600.0,2.0,0.0022727272727272726,24395.093179874166,55946.50001157408,4833777601.0,0.0
223,4FGL J0403.9-3605,FSRQ,2.4718242914234276e-05,59.79837325811556,202.64958216885398,604800.0,2419200.0,4.0,0.004545454545454545,5488.693292620557,55967.50001157408,4835592001.0,-0.75
224,4FGL J0403.9-3605,FSRQ,2.4141426173488655e-05,116.80587639780751,197.92061854851562,1209600.0,4838400.0,8.0,0.00909090909090909,7946.96709444581,56079.50001157408,4845268801.0,0.0
225,4FGL J0403.9-3605,FSRQ,8.165507855480053e-05,691.389881139207,669.4394746629135,2116800.0,8467200.0,14.0,0.015909090909090907,3108.374197854409,56856.50001157408,4912401601.0,-0.6428571428571429
226,4FGL J0403.9-3605,FSRQ,0.00040891630026372014,13849.504390371885,3352.4517773371663,8467200.0,33868800.0,56.0,0.06363636363636363,1241.4503805455122,56961.50001157408,4921473601.0,-0.30357142857142855
227,4FGL J0403.9-3605,FSRQ,4.139915947093197e-06,5.0076423296039305,33.94060976759363,302400.0,1209600.0,2.0,0.0022727272727272726,23170.300224088045,58592.50001157408,5062392001.0,0.0
228,4FGL J0403.9-3605,FSRQ,4.3131341875573475e-06,5.217167113269368,35.36071896289044,302400.0,1209600.0,2.0,0.0022727272727272726,22239.81829301795,59040.50001157408,5101099201.0,0.0
229,4FGL J0403.9-3605,FSRQ,5.511804411569269e-05,366.68932389288034,451.8787459434433,1663200.0,6652800.0,11.0,0.0125,4081.740118450164,59208.50001157408,5115614401.0,-0.6363636363636364
230,4FGL J0403.9-3605,FSRQ,1.6819491149069016e-05,50.8621412347847,137.8926028633197,756000.0,3024000.0,5.0,0.005681818181818182,9017.695560152439,59859.50001157408,5171860801.0,0.0
231,4FGL J0403.9-3605,FSRQ,0.00022592855103739147,5465.663506696575,1852.2484234256221,6048000.0,24192000.0,40.0,0.045454545454545456,1898.9310149369426,59908.50001157408,5176094401.0,-0.25
232,4FGL J0403.9-3605,FSRQ,4.9973462373907415e-05,272.01555039365286,409.7015028431281,1360800.0,5443200.0,9.0,0.010227272727272727,4072.217803662376,60279.50001157408,5208148801.0,0.16666666666666666
233,4FGL J2151.8-3027,FSRQ,8.766683243682974e-05,212.0836010311785,722.9806978825555,604800.0,2419200.0,4.0,0.004545454545454545,1539.1276840102132,55047.00001157408,4756060801.0,0.0
234,4FGL J2151.8-3027,FSRQ,0.00040435342767227876,4524.229631539592,3334.667344578229,2797200.0,11188800.0,18.5,0.021022727272727273,717.635637372715,55537.00001157408,4798396801.0,0.08108108108108109
235,4FGL J2151.8-3027,FSRQ,3.226517172271112e-05,39.027951715791374,266.088048592323,302400.0,1209600.0,2.0,0.0022727272727272726,2956.599851050081,55960.50001157408,4834987201.0,0.0
236,4FGL J2151.8-3027,FSRQ,4.564341365651817e-05,69.01284144865546,376.4172394720666,378000.0,1512000.0,2.5,0.002840909090909091,2336.837764251816,56097.00001157408,4846780801.0,0.0
237,4FGL J2151.8-3027,FSRQ,0.0011299577919456582,32461.427447014867,9318.66305979934,7182000.0,28728000.0,47.5,0.05397727272727273,411.5159714039859,56265.00001157408,4861296001.0,-0.7894736842105263
238,4FGL J2151.8-3027,FSRQ,0.0013021436351878337,53552.47999818892,10738.664645945688,10281600.0,41126400.0,68.0,0.07727272727272727,427.21135882171836,56653.50001157408,4894862401.0,0.20588235294117646
239,4FGL J2151.8-3027,FSRQ,5.414253206152501e-05,65.49080678162065,446.5087254427273,302400.0,1209600.0,2.0,0.0022727272727272726,1762.452305131604,60279.50001157408,5208148801.0,0.0
240,4FGL J1332.0-0509,FSRQ,7.564452138585136e-06,13.724941960248872,62.17806264274847,453600.0,1814400.0,3.0,0.00340522133938706,15490.489373518543,54742.50001157408,4729752001.0,0.0
241,4FGL J1332.0-0509,FSRQ,5.881917747466016e-05,391.3122239034191,483.4801562110772,1663200.0,6652800.0,11.0,0.012485811577752554,3814.984131371524,54812.50001157408,4735800001.0,0.5454545454545454
242,4FGL J1332.0-0509,FSRQ,2.6475582485047978e-05,88.0683775782636,217.62321924961964,831600.0,3326400.0,5.5,0.006242905788876277,5993.008113646473,54903.50001157408,4743662401.0,0.0
243,4FGL J1332.0-0509,FSRQ,1.084608946341251e-05,19.67914472241566,89.1523692304114,453600.0,1814400.0,3.0,0.00340522133938706,10803.944539572589,54987.50001157408,4750920001.0,0.0
244,4FGL J1332.0-0509,FSRQ,0.00019916479408263772,3734.100891296558,1637.0889544707468,4687200.0,18748800.0,31.0,0.03518728717366629,1891.4563833974412,55085.50001157408,4759387201.0,0.06451612903225806
245,4FGL J1332.0-0509,FSRQ,7.019366616834149e-05,466.98442228474227,576.9758459937395,1663200.0,6652800.0,11.0,0.012485811577752554,3196.8772412201806,55309.50001157408,4778740801.0,-0.09090909090909091
246,4FGL J1332.0-0509,FSRQ,0.00017490014521897765,1692.473725255003,1437.639102795019,2419200.0,9676800.0,16.0,0.018161180476730987,1547.5726705621653,55435.50001157408,4789627201.0,-0.5625
247,4FGL J1332.0-0509,FSRQ,1.716463183799539e-05,192.0516327089628,141.08933920258954,2797200.0,11188800.0,18.5,0.020998864926220204,16951.750446752736,58025.50001157408,5013403201.0,0.0
248,4FGL J1332.0-0509,FSRQ,1.7214690712441908e-05,20.822889885769733,141.50081167596065,302400.0,1209600.0,2.0,0.0022701475595913734,5558.653267700714,59383.50001157408,5130734401.0,0.0
249,4FGL J1332.0-0509,FSRQ,9.45556517323142e-06,11.437451633540725,77.72257830343558,302400.0,1209600.0,2.0,0.0022701475595913734,10118.951995495152,59432.50001157408,5134968001.0,0.0
250,4FGL J1159.5+2914,FSRQ,5.6699631979869025e-05,240.0435619499735,458.40718186919855,1058400.0,4233600.0,7.0,0.007954545454545454,3209.9891832399044,55330.50001157408,4780555201.0,0.5714285714285714
251,4FGL J1159.5+2914,FSRQ,9.511905474218467e-05,517.7520387726596,769.0218843379452,1360800.0,5443200.0,9.0,0.010227272727272727,2169.787333242114,55414.50001157408,4787812801.0,-0.4444444444444444
252,4FGL J1159.5+2914,FSRQ,3.2408642104340434e-05,78.40298697882038,262.01853127605557,604800.0,2419200.0,4.0,0.004545454545454545,4245.25688992127,55533.50001157408,4798094401.0,0.0
253,4FGL J1159.5+2914,FSRQ,2.2246085115598885e-05,53.817729111656824,179.85593255851614,604800.0,2419200.0,4.0,0.004545454545454545,6184.1743756866645,55827.50001157408,4823496001.0,0.0
254,4FGL J1159.5+2914,FSRQ,2.599507717547001e-05,62.88729070289705,210.1659156219987,604800.0,2419200.0,4.0,0.004545454545454545,5292.429594872863,57129.50001157408,4935988801.0,0.0
255,4FGL J1159.5+2914,FSRQ,2.9279318153538927e-05,53.12439485778103,236.71846276852057,453600.0,1814400.0,3.0,0.003409090909090909,4069.6187049039318,57332.50001157408,4953528001.0,0.3333333333333333
256,4FGL J1159.5+2914,FSRQ,1.9178727975704334e-05,34.797884039117946,155.05685550657589,453600.0,1814400.0,3.0,0.003409090909090909,6212.348404488825,57437.50001157408,4962600001.0,0.0
257,4FGL J1159.5+2914,FSRQ,1.6545138512158505e-05,30.01949931646039,133.76471864379891,453600.0,1814400.0,3.0,0.003409090909090909,7201.036402529407,57500.50001157408,4968043201.0,0.0
258,4FGL J1159.5+2914,FSRQ,1.6049404024902816e-05,29.12003866278367,129.75678699904088,453600.0,1814400.0,3.0,0.003409090909090909,7423.429450734511,57549.50001157408,4972276801.0,0.0
259,4FGL J1159.5+2914,FSRQ,1.2362378775938658e-05,14.953533367375401,99.94779539115312,302400.0,1209600.0,2.0,0.0022727272727272726,7869.10735805607,57738.50001157408,4988606401.0,0.0
260,4FGL J1159.5+2914,FSRQ,2.14405165738084e-05,38.90167327151796,173.3430436357844,453600.0,1814400.0,3.0,0.003409090909090909,5557.111483658528,57878.50001157408,5000702401.0,-0.6666666666666666
261,4FGL J1159.5+2914,FSRQ,2.063494803201791e-05,24.960033139528864,166.83015471305256,302400.0,1209600.0,2.0,0.0022727272727272726,4714.896271337234,57941.50001157408,5006145601.0,0.0
262,4FGL J1159.5+2914,FSRQ,0.00036833072403097433,8242.35761007553,2977.893212055209,5594400.0,22377600.0,37.0,0.042045454545454546,1136.1069897310547,58018.50001157408,5012798401.0,-0.6756756756756757
263,4FGL J1159.5+2914,FSRQ,3.98756428186292e-05,144.70073266024164,322.3880016752233,907200.0,3628800.0,6.0,0.006818181818181818,4225.5752583996245,58417.50001157408,5047272001.0,0.0
264,4FGL J1159.5+2914,FSRQ,2.2184118304691926e-05,40.25086425203303,179.3549411029214,453600.0,1814400.0,3.0,0.003409090909090909,5370.875168499175,59222.50001157408,5116824001.0,0.0
265,4FGL J1159.5+2914,FSRQ,0.0013299936624960973,90090.57871269564,10752.779611430173,16934400.0,67737600.0,112.0,0.12727272727272726,547.4419037621444,59292.50001157408,5122872001.0,0.6875
266,4FGL J1159.5+2914,FSRQ,6.475531739777392e-05,274.14811173521565,523.5360710965164,1058400.0,4233600.0,7.0,0.007954545454545454,2810.7468238764823,60090.50001157408,5191819201.0,0.0
267,4FGL J1159.5+2914,FSRQ,9.415856917312676e-05,597.9445776770242,761.2565167762264,1587600.0,6350400.0,10.5,0.011931818181818182,2367.4436820916676,60188.50001157408,5200286401.0,0.42857142857142855
268,4FGL J1159.5+2914,FSRQ,0.00011767497391231834,711.6982422217013,951.382774174435,1512000.0,6048000.0,10.0,0.011363636363636364,1848.8140802434784,60342.50001157408,5213592001.0,0.3
269,4FGL J1159.5+2914,FSRQ,0.0003280213135359965,4562.9076798111255,2651.998270190822,3477600.0,13910400.0,23.0,0.026136363636363635,1005.9308949693415,60419.50001157408,5220244801.0,-0.5652173913043478
270,4FGL J1159.5+2914,FSRQ,0.0003306239195940888,5898.859723829895,2673.039911325802,4460400.0,17841600.0,29.5,0.033522727272727273,1130.179931568105,60643.50001157408,5239598401.0,0.7966101694915254
271,4FGL J1129.8-1447,FSRQ,2.9300256650498184e-05,79.74357849999586,241.02642040489457,680400.0,2721600.0,4.5,0.00510783200908059,4894.749245749621,58372.00001157408,5043340801.0,0.0
272,4FGL J1129.8-1447,FSRQ,0.00013737312637291266,498.49960098202547,1130.0431018214097,907200.0,3628800.0,6.0,0.00681044267877412,1206.0432109688502,58795.50001157408,5079931201.0,0.0
273,4FGL J1129.8-1447,FSRQ,0.00015315018764625783,463.1261674422837,1259.8265589625066,756000.0,3024000.0,5.0,0.0056753688989784334,987.7515881357317,59075.50001157408,5104123201.0,0.0
274,4FGL J1129.8-1447,FSRQ,0.0001716318879950336,519.0148292969816,1411.8586087563633,756000.0,3024000.0,5.0,0.0056753688989784334,881.4767899522047,59250.50001157408,5119243201.0,-0.6
275,4FGL J1129.8-1447,FSRQ,0.00035475849206064727,2789.253167977633,2918.2737362869548,1965600.0,7862400.0,13.0,0.014755959137343927,687.5111346154808,59299.50001157408,5123476801.0,0.0
276,4FGL J1129.8-1447,FSRQ,5.319123515013516e-05,112.59520656580611,437.55565550427013,529200.0,2116800.0,3.5,0.003972758229284903,2378.4395732205894,59401.00001157408,5132246401.0,0.0
277,4FGL J1129.8-1447,FSRQ,0.00043060107946751375,4687.695591515142,3542.1613552580857,2721600.0,10886400.0,18.0,0.02043132803632236,666.4418760681699,59656.50001157408,5154321601.0,-0.16666666666666666
278,4FGL J1129.8-1447,FSRQ,0.0014342475630418864,41636.78045413118,11798.243278819591,7257600.0,29030400.0,48.0,0.05448354143019296,326.78937012741216,59789.50001157408,5165812801.0,-0.4791666666666667
279,4FGL J1129.8-1447,FSRQ,0.0003689015005592531,2900.4511579970717,3034.6153353670093,1965600.0,7862400.0,13.0,0.014755959137343927,661.172752906762,60160.50001157408,5197867201.0,-0.3076923076923077
280,4FGL J1129.8-1447,FSRQ,8.17026387369661e-05,148.24126772435127,672.0929030521098,453600.0,1814400.0,3.0,0.00340522133938706,1434.0515289555772,60335.50001157408,5212987201.0,0.0
281,4FGL J1129.8-1447,FSRQ,0.0006797659542915579,11922.551025510493,5591.812953393554,4384800.0,17539200.0,29.0,0.032917139614074914,535.8398906743244,60489.50001157408,5226292801.0,0.6724137931034483
282,4FGL J1129.8-1447,FSRQ,0.0007354364419275045,9563.027141671726,6049.763152162853,3250800.0,13003200.0,21.5,0.024404086265607264,426.5761081991605,60699.50001157408,5244436801.0,-0.7209302325581395
283,4FGL J1044.6+8053,FSRQ,2.3553797097756523e-05,220.80271551320874,187.32607790930197,2343600.0,9374400.0,15.5,0.01765375854214123,11686.834607335382,55253.50001157408,4773902401.0,0.0
284,4FGL J1044.6+8053,FSRQ,8.080216440504743e-05,5277.86809547465,642.6289774747981,16329600.0,65318400.0,108.0,0.12300683371298406,8992.326170014128,55897.50001157408,4829544001.0,0.0
285,4FGL J1044.6+8053,FSRQ,2.5832622516133568e-05,367.15389729730316,205.44984054905305,3553200.0,14212800.0,23.5,0.026765375854214124,13120.567231487581,58498.00001157408,5054227201.0,0.7872340425531915
286,4FGL J1044.6+8053,FSRQ,1.2284293270938775e-05,33.43293256618697,97.69840797990805,680400.0,2721600.0,4.5,0.005125284738041002,12074.297741237076,58802.50001157408,5080536001.0,0.0
287,4FGL J1044.6+8053,FSRQ,8.371122747819438e-06,27.84570270834658,66.57650932196054,831600.0,3326400.0,5.5,0.006264236902050114,19587.979492034934,59681.00001157408,5156438401.0,0.0
288,4FGL J1044.6+8053,FSRQ,1.8533259847894585e-05,252.20060001014951,147.39716334360043,3402000.0,13608000.0,22.5,0.02562642369020501,17894.660962927137,59740.50001157408,5161579201.0,0.0
289,4FGL J1044.6+8053,FSRQ,2.8018870651889053e-05,338.91625940525,222.8373253315642,3024000.0,12096000.0,20.0,0.022779043280182234,11159.763594173592,59922.50001157408,5177304001.0,0.0
290,4FGL J1044.6+8053,FSRQ,1.0325927677021e-05,34.34816582484265,82.12329946137199,831600.0,3326400.0,5.5,0.006264236902050114,15879.92076378647,60251.50001157408,5205729601.0,0.0
291,4FGL J0635.6-7518,FSRQ,0.0003008867054236431,10281.659788372393,2476.277726605708,8542800.0,34171200.0,56.5,0.06486796785304248,1688.1061045743468,60398.50001157408,5218430401.0,0.2920353982300885
292,4FGL J0539.9-2839,FSRQ,3.7256936347426736e-05,304.1954338894698,307.2692411873464,2041200.0,8164800.0,13.5,0.015358361774744027,6649.552433310001,55372.50001157408,4784184001.0,-0.9259259259259259
293,4FGL J0539.9-2839,FSRQ,9.10482315430761e-06,22.02638817490097,75.09023489426843,604800.0,2419200.0,4.0,0.004550625711035267,14811.035556629884,55519.50001157408,4796884801.0,0.5
294,4FGL J0539.9-2839,FSRQ,1.809128360760922e-05,120.35769158470262,149.2042967349114,1663200.0,6652800.0,11.0,0.012514220705346985,12360.795598432465,56128.50001157408,4849502401.0,0.0
295,4FGL J0539.9-2839,FSRQ,0.00025132043352835295,3647.9663567507487,2072.7157537864914,3628800.0,14515200.0,24.0,0.027303754266211604,1314.6247411805284,56233.50001157408,4858574401.0,-0.14583333333333334
296,4FGL J0539.9-2839,FSRQ,3.7967112553462736e-05,539.6189772998551,313.12627950909933,3553200.0,14212800.0,23.5,0.026734926052332197,8608.856756734336,56730.50001157408,4901515201.0,0.0
297,4FGL J0539.9-2839,FSRQ,5.518433313825841e-05,350.4425891611962,455.12191369416104,1587600.0,6350400.0,10.5,0.011945392491467578,3959.5066528261164,57147.00001157408,4937500801.0,0.0
298,4FGL J0539.9-2839,FSRQ,0.00029664424319049627,14891.066377373807,2446.5149430901597,12549600.0,50198400.0,83.0,0.09442548350398179,2070.8347051455567,57437.50001157408,4962600001.0,0.5060240963855421
299,4FGL J0539.9-2839,FSRQ,0.0004046092361542759,17741.305786892688,3336.934948466395,10962000.0,43848000.0,72.5,0.08248009101251422,1419.0551935622007,59040.50001157408,5101099201.0,0.0896551724137931
300,4FGL J0539.9-2839,FSRQ,1.3384090036832186e-05,32.37879061710443,110.3826452945746,604800.0,2419200.0,4.0,0.004550625711035267,10075.828324610764,59705.50001157408,5158555201.0,0.25
301,4FGL J0539.9-2839,FSRQ,5.554852606443073e-05,537.5319770202833,458.12552308993173,2419200.0,9676800.0,16.0,0.01820250284414107,4855.439576724231,60139.50001157408,5196052801.0,0.1875
302,4FGL J0405.6-1308,FSRQ,0.0003309920115644522,48444.52039979173,2725.562587888619,36590400.0,146361600.0,242.0,0.275626423690205,3173.8005501820544,55890.50001157408,4828939201.0,0.9710743801652892
303,4FGL J0405.6-1308,FSRQ,8.679675391200856e-06,83.99148282557245,71.4730195736702,2419200.0,9676800.0,16.0,0.018223234624145785,31119.75786858144,58239.00001157408,5031849601.0,0.0
304,4FGL J0405.6-1308,FSRQ,0.00021772577603261078,7242.4302139487645,1792.86873652522,8316000.0,33264000.0,55.0,0.06264236902050115,2300.3376831118157,59439.50001157408,5135572801.0,-0.32727272727272727
305,4FGL J0405.6-1308,FSRQ,5.842903434076675e-05,2597.334177743236,481.13544883738973,11113200.0,44452800.0,73.5,0.0837129840546697,9908.26578364314,60202.50001157408,5201496001.0,-0.9523809523809523
306,4FGL J0217.4+7352,FSRQ,0.00017136727946643945,1347.3580980769336,1413.3372606180867,1965600.0,7862400.0,13.0,0.015169194865810968,1419.0375284048716,54791.50001157408,4733985601.0,0.0
307,4FGL J0217.4+7352,FSRQ,0.0001438026702586462,782.746694751863,1186.0004586973903,1360800.0,5443200.0,9.0,0.010501750291715286,1407.140627263,58081.50001157408,5018241601.0,0.0
308,4FGL J0217.4+7352,FSRQ,0.0004494198056815602,9649.222995905371,3706.552143484796,5367600.0,21470400.0,35.5,0.041423570595099185,894.1407600338739,60440.50001157408,5222059201.0,-0.6338028169014085
309,4FGL J0319.8+4130,None,2.5398156735534504e-05,122.88644154921015,208.3877460845931,1209600.0,4838400.0,8.0,0.009080590238365494,7547.830794548266,55365.50001157408,4783579201.0,-0.125
310,4FGL J0319.8+4130,None,3.499502245988071e-05,190.48490625362268,287.1284688306252,1360800.0,5443200.0,9.0,0.01021566401816118,5810.356047693378,55470.50001157408,4792651201.0,0.0
311,4FGL J0319.8+4130,None,5.68846476402779e-06,6.880766978568015,46.67292840188195,302400.0,1209600.0,2.0,0.0022701475595913734,16849.824913057,56093.50001157408,4846478401.0,0.0
312,4FGL J0319.8+4130,None,6.609454297251335e-05,639.5836734364173,542.2949776218666,2419200.0,9676800.0,16.0,0.018161180476730987,4101.8994754192345,56261.50001157408,4860993601.0,0.75
313,4FGL J0319.8+4130,None,0.00029563248055953037,10727.911454544237,2425.616430935901,9072000.0,36288000.0,60.0,0.0681044267877412,1775.9203515382715,56429.50001157408,4875508801.0,0.11666666666666667
314,4FGL J0319.8+4130,None,0.00014494620987161061,4646.163789708556,1189.2600826574771,8013600.0,32054400.0,53.0,0.060158910329171394,3404.123041044553,56898.50001157408,4916030401.0,-0.5471698113207547
315,4FGL J0319.8+4130,None,4.3495472073246504e-05,341.9787996286933,356.87327567153267,1965600.0,7862400.0,13.0,0.014755959137343927,5618.3527569772505,57276.50001157408,4948689601.0,-0.15384615384615385
316,4FGL J0319.8+4130,None,7.040281333801286e-05,596.1147010956225,577.643635413768,2116800.0,8467200.0,14.0,0.015891032917139614,3602.2612514838293,57374.50001157408,4957156801.0,0.0
317,4FGL J0319.8+4130,None,2.75393929052139e-05,116.59077380351357,225.95624067577768,1058400.0,4233600.0,7.0,0.007945516458569807,6511.528803063124,57500.50001157408,4968043201.0,0.0
318,4FGL J0319.8+4130,None,0.0003757482507395227,30679.09317638055,3082.9532978385964,20412000.0,81648000.0,135.0,0.1532349602724177,2095.7750512533235,57675.50001157408,4983163201.0,-0.5037037037037037
319,4FGL J0319.8+4130,None,1.0112826247160516e-05,18.34871194284804,82.97409493667902,453600.0,1814400.0,3.0,0.00340522133938706,11608.330227742139,58725.50001157408,5073883201.0,0.0
320,4FGL J0319.8+4130,None,2.454682187289089e-05,103.92142508107086,201.40268197002572,1058400.0,4233600.0,7.0,0.007945516458569807,7305.282591791451,58858.50001157408,5085374401.0,0.0
321,4FGL J0319.8+4130,None,3.766511816544478e-06,4.5559726932922,30.90361699172229,302400.0,1209600.0,2.0,0.0022701475595913734,25447.188585812582,58942.50001157408,5092632001.0,0.0
322,4FGL J0319.8+4130,None,4.076088130233065e-06,4.930436202329916,33.44364030611042,302400.0,1209600.0,2.0,0.0022701475595913734,23514.58946378382,59614.50001157408,5150692801.0,0.0
323,4FGL J0319.8+4130,None,0.0002415985148078016,10374.433504658848,1982.2765282704056,10735200.0,42940800.0,71.0,0.08059023836549375,2363.833928061877,59838.50001157408,5170046401.0,-0.30985915492957744
324,4FGL J0319.8+4130,None,2.539815673553451e-05,215.0512727111178,208.3877460845931,2116800.0,8467200.0,14.0,0.015891032917139614,9984.47305883988,60622.50001157408,5237784001.0,0.7142857142857143
325,4FGL J1849.2+6705,FSRQ,7.136479719233008e-05,2395.4593284766283,585.6307390100314,8391600.0,33566400.0,55.5,0.06306818181818181,7073.750116276527,54683.00001157408,4724611201.0,-0.3333333333333333
326,4FGL J1849.2+6705,FSRQ,9.051896594323074e-06,82.11880590369893,74.28128573937208,2268000.0,9072000.0,15.0,0.017045454545454544,28992.473046220162,55659.50001157408,4808980801.0,0.06666666666666667
327,4FGL J1849.2+6705,FSRQ,2.2074183184192114e-06,4.005139796939817,18.114421563283862,453600.0,1814400.0,3.0,0.003409090909090909,53168.78810896794,55785.50001157408,4819867201.0,0.0
328,4FGL J1849.2+6705,FSRQ,1.5555632445236053e-06,1.881609300575753,12.765196403656411,302400.0,1209600.0,2.0,0.0022727272727272726,61603.955137968645,56184.50001157408,4854340801.0,0.0
329,4FGL J1849.2+6705,FSRQ,6.349216568623633e-05,5241.608436660377,521.0266878776217,20638800.0,82555200.0,136.5,0.15511363636363637,12468.774518927718,56506.50001157408,4882161601.0,0.7912087912087912
330,4FGL J1849.2+6705,FSRQ,6.859293163946945e-06,78.82150960554713,56.28843747517065,2872800.0,11491200.0,19.0,0.02159090909090909,43059.977150903425,57581.00001157408,4974998401.0,0.0
331,4FGL J1740.5+5211,FSRQ,0.00013021225554275616,4055.7471658413347,1070.6619685327255,7786800.0,31147200.0,51.5,0.05858930602957907,3727.2886465488796,54690.00001157408,4725216001.0,-0.18446601941747573
332,4FGL J1740.5+5211,FSRQ,7.773912210653148e-06,14.104986315009072,63.920497467502166,453600.0,1814400.0,3.0,0.0034129692832764505,15068.256763803876,57031.50001157408,4927521601.0,0.0
333,4FGL J1740.5+5211,FSRQ,5.307374632705174e-05,738.2770409078205,436.39549505590986,3477600.0,13910400.0,23.0,0.026166097838452786,6111.148539370627,57164.50001157408,4939012801.0,0.5652173913043478
334,4FGL J1740.5+5211,FSRQ,7.133052064255217e-06,12.942209665384667,58.65106577663282,453600.0,1814400.0,3.0,0.0034129692832764505,16421.950083853913,58487.50001157408,5053320001.0,0.0
335,4FGL J1740.5+5211,FSRQ,0.0001785461135406522,7504.935918122358,1468.084034029597,10508400.0,42033600.0,69.5,0.07906712172923777,3157.793703012381,58806.00001157408,5080838401.0,0.8848920863309353
336,4FGL J1740.5+5211,FSRQ,7.547908390908949e-05,1232.5432486018676,620.6219547023907,4082400.0,16329600.0,27.0,0.030716723549488054,4655.857604783005,59299.50001157408,5123476801.0,-0.9259259259259259
337,4FGL J1740.5+5211,FSRQ,6.473925855713578e-05,959.280437596215,532.3144255447781,3704400.0,14817600.0,24.5,0.027872582480091012,5170.802391735297,59506.00001157408,5141318401.0,-0.5918367346938775
338,4FGL J1740.5+5211,FSRQ,7.225930346341874e-06,15.295849357136479,59.414751528932726,529200.0,2116800.0,3.5,0.003981797497155859,17509.59288053414,60129.00001157408,5195145601.0,0.0
339,4FGL J1740.5+5211,FSRQ,5.7414258043234807e-05,642.3966503941456,472.08507588005887,2797200.0,11188800.0,18.5,0.02104664391353811,5066.571443682497,60510.50001157408,5228107201.0,0.0
340,4FGL J2202.7+4216,BLL,6.459502783061803e-05,468.80487398349345,529.5648166127313,1814400.0,7257600.0,12.0,0.01362088535754824,3637.866867936125,55687.50001157408,4811400001.0,-0.5833333333333334
341,4FGL J2202.7+4216,BLL,4.633442952716746e-06,5.604612595606176,37.98602539463475,302400.0,1209600.0,2.0,0.0022701475595913734,20702.8603158857,55792.50001157408,4820472001.0,0.0
342,4FGL J2202.7+4216,BLL,9.087221790940392e-05,1154.1498652237574,744.9912327396734,3175200.0,12700800.0,21.0,0.02383654937570942,3420.7502030131627,55841.50001157408,4824705601.0,-0.7142857142857143
343,4FGL J2202.7+4216,BLL,2.425990879324936e-05,73.36196419078607,198.88828262179513,756000.0,3024000.0,5.0,0.0056753688989784334,6252.372684321927,55995.50001157408,4838011201.0,0.6
344,4FGL J2202.7+4216,BLL,1.7230944313957968e-05,41.685100484327116,141.2632236897982,604800.0,2419200.0,4.0,0.004540295119182747,7873.421994202488,56044.50001157408,4842244801.0,0.0
345,4FGL J2202.7+4216,BLL,8.678512197152e-06,10.49752835367506,71.14842851693494,302400.0,1209600.0,2.0,0.0022701475595913734,11053.828010769137,56289.50001157408,4863412801.0,0.0
346,4FGL J2202.7+4216,BLL,7.764431614643256e-06,14.087784721608724,63.65458677241516,453600.0,1814400.0,3.0,0.00340522133938706,15131.198470857827,56506.50001157408,4882161601.0,0.0
347,4FGL J2202.7+4216,BLL,2.7832177736386983e-05,117.83030766476793,228.17456070382644,1058400.0,4233600.0,7.0,0.007945516458569807,6448.230277765258,56548.50001157408,4885790401.0,0.0
348,4FGL J2202.7+4216,BLL,1.116859378398617e-05,20.26429656166451,91.5626870623509,453600.0,1814400.0,3.0,0.00340522133938706,10519.566891590543,56611.50001157408,4891233601.0,0.6666666666666666
349,4FGL J2202.7+4216,BLL,8.272954605372257e-05,700.4876123460798,678.2357459350432,2116800.0,8467200.0,14.0,0.015891032917139614,3068.0670027304195,57052.50001157408,4929336001.0,0.14285714285714285
350,4FGL J2202.7+4216,BLL,2.248428099504271e-05,67.99246572900915,184.33127969278547,756000.0,3024000.0,5.0,0.0056753688989784334,6746.069893576836,57164.50001157408,4939012801.0,0.4
351,4FGL J2202.7+4216,BLL,2.5331589476190644e-05,91.92327189120061,207.6741660464045,907200.0,3628800.0,6.0,0.00681044267877412,6559.259096470225,57213.50001157408,4943246401.0,0.0
352,4FGL J2202.7+4216,BLL,2.3745081798503047e-05,71.80512735867322,194.66761313350239,756000.0,3024000.0,5.0,0.0056753688989784334,6387.915150116914,57297.50001157408,4950504001.0,-0.6
353,4FGL J2202.7+4216,BLL,8.663802854444963e-05,1047.9735932736628,710.2783796012658,3024000.0,12096000.0,20.0,0.022701475595913734,3501.461321178916,57353.50001157408,4955342401.0,0.0
354,4FGL J2202.7+4216,BLL,3.963117192210332e-05,191.75146222790468,324.90541448653585,1209600.0,4838400.0,8.0,0.009080590238365494,4841.258771411599,57500.50001157408,4968043201.0,0.0
355,4FGL J2202.7+4216,BLL,2.2053507387193764e-05,66.68980633887394,180.7996991005405,756000.0,3024000.0,5.0,0.0056753688989784334,6877.82556496976,57892.50001157408,5001912001.0,0.4
356,4FGL J2202.7+4216,BLL,6.67488958698628e-05,605.5459833313953,547.2227195739559,2268000.0,9072000.0,15.0,0.0170261066969353,3935.9160745064337,58004.50001157408,5011588801.0,-0.8666666666666667
357,4FGL J2202.7+4216,BLL,0.00010371137275797506,1693.5652325886297,850.2495616109743,4082400.0,16329600.0,27.0,0.03064699205448354,3398.541827966052,58116.50001157408,5021265601.0,-0.2037037037037037
358,4FGL J2202.7+4216,BLL,2.44175088936819e-05,88.60625627339289,200.18032430188475,907200.0,3628800.0,6.0,0.00681044267877412,6804.7798536220225,58326.50001157408,5039409601.0,0.0
359,4FGL J2202.7+4216,BLL,4.885603113408814e-06,5.909625525979301,40.05329208277815,302400.0,1209600.0,2.0,0.0022701475595913734,19634.39269344266,58529.50001157408,5056948801.0,0.0
360,4FGL J2202.7+4216,BLL,3.494519560257573e-05,126.8091258026268,286.4887085318713,907200.0,3628800.0,6.0,0.00681044267877412,4754.979091930014,58578.50001157408,5061182401.0,0.0
361,4FGL J2202.7+4216,BLL,2.4501562280579253e-05,74.09272433647166,200.86941319793254,756000.0,3024000.0,5.0,0.0056753688989784334,6190.715025362961,58662.50001157408,5068440001.0,0.0
362,4FGL J2202.7+4216,BLL,1.6075210244119326e-05,38.88914862257347,131.788251369141,604800.0,2419200.0,4.0,0.004540295119182747,8439.41892086117,58739.50001157408,5075092801.0,0.0
363,4FGL J2202.7+4216,BLL,7.775988955341641e-05,564.3501744228749,637.4933649562173,1814400.0,7257600.0,12.0,0.01362088535754824,3022.060600287679,58809.50001157408,5081140801.0,-0.08333333333333333
364,4FGL J2202.7+4216,BLL,4.185858667488326e-05,151.89643932581637,343.16627023180246,907200.0,3628800.0,6.0,0.00681044267877412,3969.767650889812,58900.50001157408,5089003201.0,-0.16666666666666666
365,4FGL J2202.7+4216,BLL,7.459738087140339e-06,9.023299190204954,61.156639524241896,302400.0,1209600.0,2.0,0.0022701475595913734,12859.593138673104,58956.50001157408,5093841601.0,-0.5
366,4FGL J2202.7+4216,BLL,3.9715225309000684e-06,4.803953653376722,32.559450338258365,302400.0,1209600.0,2.0,0.0022701475595913734,24153.120345349023,59019.50001157408,5099284801.0,0.0
367,4FGL J2202.7+4216,BLL,0.0003156835078397446,13746.627758986382,2588.0456213315097,10886400.0,43545600.0,72.0,0.08172531214528944,1823.298901391222,59054.50001157408,5102308801.0,0.4722222222222222
368,4FGL J2202.7+4216,BLL,0.00016632063932314306,2514.768066565923,1363.5346530545764,3780000.0,15120000.0,25.0,0.028376844494892167,2039.3608308064295,59579.50001157408,5147668801.0,-0.24
369,4FGL J2202.7+4216,BLL,1.6022676877308476e-05,38.762059901584664,131.3575708091111,604800.0,2419200.0,4.0,0.004540295119182747,8467.086132762997,59768.50001157408,5163998401.0,-0.75
370,4FGL J2202.7+4216,BLL,0.00015011934899867769,2814.557650506408,1230.7127683413635,4687200.0,18748800.0,31.0,0.03518728717366629,2515.8983034553958,59824.50001157408,5168836801.0,-0.45161290322580644
371,4FGL J2202.7+4216,BLL,9.052549768845234e-05,985.4967780355676,742.1487410434763,2721600.0,10886400.0,18.0,0.02043132803632236,3179.189650687614,60076.50001157408,5190609601.0,0.0
372,4FGL J2202.7+4216,BLL,1.1494300658213424e-05,20.855259114262438,94.23290653453608,453600.0,1814400.0,3.0,0.00340522133938706,10221.510523440229,60216.50001157408,5202705601.0,0.0
373,4FGL J2202.7+4216,BLL,6.1674172635934915e-06,7.460107922042687,50.56189774750703,302400.0,1209600.0,2.0,0.0022701475595913734,15553.920301176038,60293.50001157408,5209358401.0,0.0
374,4FGL J2202.7+4216,BLL,9.630416803764556e-05,1019.2833145104406,789.5236026467625,2646000.0,10584000.0,17.5,0.019863791146424517,2946.664040715508,60545.50001157408,5231131201.0,-0.37142857142857144
375,4FGL J2232.6+1143,FSRQ,4.470418011255905e-06,5.4074176264151435,36.45287644299516,302400.0,1209600.0,2.0,0.0022701475595913734,21573.534413124144,55687.50001157408,4811400001.0,0.0
376,4FGL J2232.6+1143,FSRQ,6.153611837356307e-06,7.443408878466189,50.17804854501358,302400.0,1209600.0,2.0,0.0022701475595913734,15672.893856972945,55708.50001157408,4813214401.0,0.5
377,4FGL J2232.6+1143,FSRQ,5.701140378727167e-06,6.896099402108381,46.48848615199789,302400.0,1209600.0,2.0,0.0022701475595913734,16916.671138396694,56030.50001157408,4841035201.0,0.0
378,4FGL J2232.6+1143,FSRQ,2.7356424388717816e-05,99.27099282177922,223.07094228172951,907200.0,3628800.0,6.0,0.00681044267877412,6106.578496866618,56051.50001157408,4842849601.0,0.0
379,4FGL J2232.6+1143,FSRQ,1.138418189910917e-05,20.65545963774368,92.82938980827515,453600.0,1814400.0,3.0,0.00340522133938706,10376.036704939734,56135.50001157408,4850107201.0,0.0
380,4FGL J2232.6+1143,FSRQ,0.00016469056151183448,1792.887328842435,1342.9269198098564,2721600.0,10886400.0,18.0,0.02043132803632236,1757.126089576631,56177.50001157408,4853736001.0,-0.8333333333333334
381,4FGL J2232.6+1143,FSRQ,3.596243153184407e-05,87.00031436183717,293.2464189968883,604800.0,2419200.0,4.0,0.004540295119182747,3793.276259047812,56373.50001157408,4870670401.0,-0.25
382,4FGL J2232.6+1143,FSRQ,2.4786386503704306e-05,59.96322622976145,202.11422788940033,604800.0,2419200.0,4.0,0.004540295119182747,5503.229148685849,56436.50001157408,4876113601.0,0.0
383,4FGL J2232.6+1143,FSRQ,4.660456023880145e-06,5.637287606485423,38.00249264806177,302400.0,1209600.0,2.0,0.0022701475595913734,20693.88990857534,56513.50001157408,4882766401.0,0.0
384,4FGL J2232.6+1143,FSRQ,7.814182090525253e-05,614.3822526854575,637.1874252738123,1965600.0,7862400.0,13.0,0.014755959137343927,3146.9279069517065,56604.50001157408,4890628801.0,0.6153846153846154
385,4FGL J2232.6+1143,FSRQ,0.0001482386992760789,1972.4048370877956,1208.7744311998053,3326400.0,13305600.0,22.0,0.024971623155505107,2158.027143591537,56905.50001157408,4916635201.0,-0.4090909090909091
386,4FGL J2232.6+1143,FSRQ,2.343802155698946e-05,56.701261750668905,191.11933195821354,604800.0,2419200.0,4.0,0.004540295119182747,5819.771301654076,57080.50001157408,4931755201.0,-0.75
387,4FGL J2232.6+1143,FSRQ,5.9002278205239885e-06,7.136915571705816,48.111893604924795,302400.0,1209600.0,2.0,0.0022701475595913734,16345.907085401082,57241.50001157408,4945665601.0,0.0
388,4FGL J2232.6+1143,FSRQ,2.028882020493065e-05,36.81203537982617,165.43997770282425,453600.0,1814400.0,3.0,0.00340522133938706,5822.523934547964,57283.50001157408,4949294401.0,-0.6666666666666666
389,4FGL J2232.6+1143,FSRQ,4.203459850664713e-05,127.11262588410094,342.76034631115897,756000.0,3024000.0,5.0,0.0056753688989784334,3628.3133907973047,57353.50001157408,4955342401.0,0.4
390,4FGL J2232.6+1143,FSRQ,0.00036917146309551555,6251.6972246446985,3010.313956461514,4233600.0,16934400.0,28.0,0.03178206583427923,977.7627885176166,57395.50001157408,4958971201.0,-0.6071428571428571
391,4FGL J2232.6+1143,FSRQ,0.0009263086195347485,49580.48359887351,7553.345922229613,13381200.0,53524800.0,88.5,0.10045402951191827,692.7343661347977,57605.50001157408,4977115201.0,-0.536723163841808
392,4FGL J2232.6+1143,FSRQ,5.4341822181359744e-05,361.5252746081501,443.1164434011862,1663200.0,6652800.0,11.0,0.012485811577752554,4162.442572768378,58403.50001157408,5046062401.0,0.0
393,4FGL J2232.6+1143,FSRQ,6.542737291777368e-06,7.914095028133904,53.3510722030071,302400.0,1209600.0,2.0,0.0022701475595913734,14740.83503070391,59747.50001157408,5162184001.0,0.5
394,4FGL J2232.6+1143,FSRQ,5.158174628372199e-06,6.239328030479012,42.06101128037904,302400.0,1209600.0,2.0,0.0022701475595913734,18697.236508779843,59880.50001157408,5173675201.0,0.0
395,4FGL J2232.6+1143,FSRQ,0.0002718358029152149,6905.064331331123,2216.6152944759756,6350400.0,25401600.0,42.0,0.04767309875141884,1626.0055927249211,59901.50001157408,5175489601.0,-0.5
396,4FGL J2232.6+1143,FSRQ,4.868592894849549e-06,7.3613124570125175,39.699691348848994,378000.0,1512000.0,2.5,0.0028376844494892167,22147.1380077347,60307.50001157408,5210568001.0,0.0
397,4FGL J2232.6+1143,FSRQ,8.940836022511812e-06,16.22225287924543,72.90575288599034,453600.0,1814400.0,3.0,0.00340522133938706,13211.303201732138,60384.50001157408,5217220801.0,0.0
398,4FGL J2232.6+1143,FSRQ,4.61520887801723e-06,5.582556658849642,37.63353640876019,302400.0,1209600.0,2.0,0.0022701475595913734,20896.758435780645,60608.50001157408,5236574401.0,0.0
399,4FGL J2232.6+1143,FSRQ,0.00010512721869789445,1208.0378955012447,857.2329263932688,2872800.0,11491200.0,19.0,0.021566401816118047,2827.8389744711503,60643.50001157408,5239598401.0,-0.42105263157894735
400,4FGL J2232.6+1143,FSRQ,1.7972166336749452e-05,32.6086986013982,146.54941825058378,453600.0,1814400.0,3.0,0.00340522133938706,6572.923934032904,60797.50001157408,5252904001.0,0.0
